Test ID,Release,Module,Submodule / Area,Requirement,Why it matters,Source document,Source section / Test ID,Test type,Priority,Criticality,Fixture / Input,Expected result,Actual result,Status,Bug ID,Evidence,Checked by,Checked at,Developer comment,QA comment,Retest result,Retest date,Notes,Release Gate,Block reason
AT-CC-001,1.0,01 Client & Consent,Кейс и участник,Создание ипотечного кейса и основного участника,"Все документы, согласия и снимки должны принадлежать конкретному человеку и делу.",00_CASA_Pro_MASTER_v1.2.docx,§6 шаг 1; §7 модуль 01,FUNCTIONAL,P0,CRITICAL,Новый клиент без существующего кейса,Созданы уникальные case_id и participant_id; участник привязан к tenant; исходные данные не смешиваются с другими делами.,,NOT_TESTED,,,,,,,,,,RG1;RG11,
AT-CC-002,1.0,01 Client & Consent,Согласие,"Согласие привязано к участнику, цели и версии текста",Общее согласие без цели не даёт права на все проверки.,00_CASA_Pro_MASTER_v1.2.docx; 1. CASA_Pro_IIN_Check_Final_Spec_KZ_2026-08-21(2).docx; 2. CASA_Pro_Credit_History_Engine_Final_Spec_KZ_2026-08-21(4).docx,"MASTER §6/§7; IIN §3.1, T-003–T-004; CH §6.1, CH-002",SECURITY,P0,CRITICAL,Участник + версия согласия,"Хранятся participant_id, purpose, consent_text_version, granted_at, status и evidence/reference; разрешены только заявленные цели.",,NOT_TESTED,,,,,,,,,,RG1,
AT-CC-003,1.0,01 Client & Consent,Согласие,Согласие одного участника не распространяется на другого,Созаёмщик и супруг являются отдельными субъектами данных.,00_CASA_Pro_MASTER_v1.2.docx; 1. CASA_Pro_IIN_Check_Final_Spec_KZ_2026-08-21(2).docx; 04_CASA_Pro_Client_Profile_Final_Spec_KZ_2026-08-21(2).docx,"MASTER §7 модуль 01/§13; IIN T-007; CP §5, CP-004",NEGATIVE,P0,CRITICAL,Основной заёмщик + созаёмщик,Для каждого участника отдельный consent status и scope; без согласия второго его проверки и документы не обрабатываются.,,NOT_TESTED,,,,,,,,,,RG1;RG6,
AT-CC-004,1.0,01 Client & Consent,Согласие,Отсутствующее согласие блокирует проверку и обработку,Система не должна выполнять обработку без действующего основания.,1. CASA_Pro_IIN_Check_Final_Spec_KZ_2026-08-21(2).docx; 2. CASA_Pro_Credit_History_Engine_Final_Spec_KZ_2026-08-21(4).docx; 03_CASA_Pro_Pension_Contribution_Engine_Final_Spec_KZ_2026-08-21(5).docx,IIN T-003; CH-002; Pension §13.1 publish gate,NEGATIVE,P0,CRITICAL,Consent отсутствует/истёк,"Внешние вызовы, upload processing и создание нового snapshot не выполняются; пользователю показано понятное требование согласия.",,NOT_TESTED,,,,,,,,,,RG1;RG2,
AT-CC-005,1.0,01 Client & Consent,Согласие,Отзыв согласия блокирует новые действия и не переписывает историю,"Отзыв должен прекращать новую обработку, сохраняя контролируемую историю по утверждённой policy.",1. CASA_Pro_IIN_Check_Final_Spec_KZ_2026-08-21(2).docx; 2. CASA_Pro_Credit_History_Engine_Final_Spec_KZ_2026-08-21(4).docx,"IIN T-037; CH-003, CH-087",SECURITY,P0,CRITICAL,Consent отозван во время обработки,"Новые проверки, refresh и snapshots заблокированы; существующие данные ограничены по retention policy; событие аудируется.",,NOT_TESTED,,,,,,,,,,RG1,
AT-CC-006,1.0,01 Client & Consent,Права доступа,"Доступ ограничен tenant, кейсом, ролью и назначением",Нельзя раскрывать факт существования чужого клиента или документа.,1. CASA_Pro_IIN_Check_Final_Spec_KZ_2026-08-21(2).docx; 2. CASA_Pro_Credit_History_Engine_Final_Spec_KZ_2026-08-21(4).docx; 04_CASA_Pro_Client_Profile_Final_Spec_KZ_2026-08-21(2).docx,IIN T-033; CH-079–CH-081; CP-033,SECURITY,P0,CRITICAL,Пользователь другого tenant / неназначенный сотрудник,Доступ запрещён без утечки существования объекта; отказ записан в audit.,,NOT_TESTED,,,,,,,,,,RG1;RG12,
AT-CC-007,1.0,01 Client & Consent,Граница scope,Согласие на анализ не включает прямое получение КИ/пенсионных и будущие интеграции,Текущий релиз использует ручную загрузку PDF.,00_CASA_Pro_MASTER_v1.2.docx,§5; §11; §22; конфликт C-05,NEGATIVE,P0,CRITICAL,Действующее согласие текущей версии,Интерфейс и backend не запускают direct bureau/ENPF API и не запрашивают credentials клиента.,,NOT_TESTED,,,,,,,,,,RG1;RG2,
AT-CC-008,1.0,01 Client & Consent,Версионность личности,Исправление ИИН создаёт новую identity version,Старые результаты нельзя незаметно перепривязать к другому субъекту.,1. CASA_Pro_IIN_Check_Final_Spec_KZ_2026-08-21(2).docx,§7.1; T-008,AUDIT,P1,HIGH,ИИН исправлен после ранее созданной проверки,Старый batch остаётся immutable у старой identity_version; новый запуск использует новую версию личности.,,NOT_TESTED,,,,,,,,,,RG1;RG5,
AT-CC-009,1.0,01 Client & Consent,Аудит,Критические действия фиксируются в неизменяемом журнале,Приёмка и расследование ошибок требуют доказуемой истории действий.,00_CASA_Pro_MASTER_v1.2.docx; 2. CASA_Pro_Credit_History_Engine_Final_Spec_KZ_2026-08-21(4).docx; 04_CASA_Pro_Client_Profile_Final_Spec_KZ_2026-08-21(2).docx,MASTER §7 модуль 01/§8; CH §17.1; CP §16 события,AUDIT,P0,CRITICAL,"Создание, просмотр, upload, correction, revoke","Audit содержит actor, action, object, timestamp, before/after reference и причину; записи не редактируются задним числом.",,NOT_TESTED,,,,,,,,,,RG1;RG11,
AT-CC-010,1.0,01 Client & Consent,Средства доступа,"CASA не принимает пароль, OTP, ЭЦП или cookie клиента",Это запрещённый канал доступа и высокий риск утечки.,00_CASA_Pro_MASTER_v1.2.docx; 1. CASA_Pro_IIN_Check_Final_Spec_KZ_2026-08-21(2).docx; 2. CASA_Pro_Credit_History_Engine_Final_Spec_KZ_2026-08-21(4).docx; 03_CASA_Pro_Pension_Contribution_Engine_Final_Spec_KZ_2026-08-21(5).docx,MASTER §5/§22; IIN §6; CH §1.2; Pension §1.2,SECURITY,P0,CRITICAL,Попытка ввести credentials,Нет полей/endpoint для credentials; значение не сохраняется и не попадает в логи; пользователь получает безопасное объяснение.,,NOT_TESTED,,,,,,,,,,RG1;RG5,
AT-CC-011,1.0,01 Client & Consent,Минимизация PII,Полный ИИН и чувствительные идентификаторы отсутствуют в логах и клиентских выгрузках,Логи и отчёты не должны становиться каналом утечки.,1. CASA_Pro_IIN_Check_Final_Spec_KZ_2026-08-21(2).docx; 2. CASA_Pro_Credit_History_Engine_Final_Spec_KZ_2026-08-21(4).docx,"IIN §13.3, T-032/T-044; CH §17.1, CH-083",SECURITY,P0,CRITICAL,"Application logs, error traces, export","Полный ИИН, contract IDs, raw PDF text и secrets отсутствуют; UI использует маскирование.",,NOT_TESTED,,,,,,,,,,RG1;RG9;RG12,
AT-CC-012,1.0,01 Client & Consent,Версионность,Опубликованные снимки неизменяемы и воспроизводимы,Результат должен воспроизводиться по exact input/version IDs.,00_CASA_Pro_MASTER_v1.2.docx,§8; §20 ворота 1.0,AUDIT,P0,CRITICAL,Опубликованный snapshot + изменение входа,Изменение создаёт новую версию; старый snapshot и его hash остаются доступными только для чтения и воспроизводят прежний payload.,,NOT_TESTED,,,,,,,,,,RG11,
AT-CC-013,1.0,01 Client & Consent,Согласие,Утверждён точный текст и жизненный цикл согласия для релиза 1.0,Без утверждённой версии невозможно доказать законность production processing.,00_CASA_Pro_MASTER_v1.2.docx; 2. CASA_Pro_Credit_History_Engine_Final_Spec_KZ_2026-08-21(4).docx; 04_CASA_Pro_Client_Profile_Final_Spec_KZ_2026-08-21(2).docx,MASTER §7 модуль 01; CH OQ-01/OQ-03; CP RG-CP-02,SECURITY,P0,CRITICAL,Approved consent artifact,"Есть утверждённый текст, версия, цели, срок, способ подтверждения, отзыв и retention impact; артефакт связан с реализацией.",,NOT_TESTED,,,,,,,,,,RG1,
AT-CC-014,1.0,01 Client & Consent,Участники,Супруг и созаёмщик хранятся как разные роли,Семейная связь не означает участие в анализе или объединение доходов.,00_CASA_Pro_MASTER_v1.2.docx; 04_CASA_Pro_Client_Profile_Final_Spec_KZ_2026-08-21(2).docx,"MASTER §13; CP §5, CP-003–CP-005",DATA,P1,HIGH,Супруг без роли созаёмщика,role=SPOUSE; included_in_analysis=false до явного выбора; созаёмщик создаётся отдельным participant с отдельным consent.,,NOT_TESTED,,,,,,,,,,RG1;RG6,
AT-IIN-001,1.0,02 IIN Check R0,Реестр источников,Существует версионный реестр источников ИИН-check,"R0 должен честно знать, что можно проверять, каким режимом и почему.",00_CASA_Pro_MASTER_v1.2.docx; 1. CASA_Pro_IIN_Check_Final_Spec_KZ_2026-08-21(2).docx,MASTER §12; IIN §8.1/§13.4 R0,DATA,P0,CRITICAL,Пустой новый tenant + source registry,"Для каждого source есть code, owner, official URL, mode, legal/access status, allowlist, freshness policy, fallback и version.",,NOT_TESTED,,,,,,,,,,RG5,
AT-IIN-002,1.0,02 IIN Check R0,Режим источника,"Automatic, manual, client-authorized и unavailable различаются",Разные каналы нельзя сводить к одному зелёному статусу.,00_CASA_Pro_MASTER_v1.2.docx; 1. CASA_Pro_IIN_Check_Final_Spec_KZ_2026-08-21(2).docx,MASTER §12; IIN §3.2/§8.3,DATA,P0,CRITICAL,Реестр с четырьмя режимами,Каждый режим хранится отдельным enum и отображается отдельным понятным состоянием; PROHIBITED не запускается.,,NOT_TESTED,,,,,,,,,,RG5;RG9,
AT-IIN-003,1.0,02 IIN Check R0,Граница R0,R0 работает без внешних production API,Версия 1.0 не зависит от неутверждённых интеграций.,00_CASA_Pro_MASTER_v1.2.docx; 1. CASA_Pro_IIN_Check_Final_Spec_KZ_2026-08-21(2).docx,MASTER §12/§20; IIN §13.4 R0,INTEGRATION,P0,CRITICAL,Среда без API tokens/legal approvals,"Модель данных, coverage, UI, manual tasks, evidence и audit работают; ни одного внешнего production-вызова нет.",,NOT_TESTED,,,,,,,,,,RG5,
AT-IIN-004,1.0,02 IIN Check R0,Access gate,Источник без договора/token/legal sign-off остаётся выключенным,Техническая доступность не заменяет разрешение.,1. CASA_Pro_IIN_Check_Final_Spec_KZ_2026-08-21(2).docx,§1; §3.1; §13.3,SECURITY,P0,CRITICAL,legal approval/token/terms отсутствуют,Connector disabled; source state = legal/access blocked с точной причиной; это не FAIL клиента и не not_found.,,NOT_TESTED,,,,,,,,,,RG5,
AT-IIN-005,1.0,02 IIN Check R0,Ручная проверка,Ручная задача ведёт на официальный источник и требует evidence,Результат человека должен быть воспроизводимым.,1. CASA_Pro_IIN_Check_Final_Spec_KZ_2026-08-21(2).docx,§7.2/§7.3; T-013–T-014,FUNCTIONAL,P0,CRITICAL,ЕНИС/manual task,"Есть official URL без ИИН в query, инструкция, assignee, checked_at, observed outcome, evidence/reference и actor; без evidence подтверждение отклоняется.",,NOT_TESTED,,,,,,,,,,RG5;RG7,
AT-IIN-006,1.0,02 IIN Check R0,Недоступность,Недоступный источник не превращается в «записей нет»,Иначе система создаёт ложный чистый результат.,00_CASA_Pro_MASTER_v1.2.docx; 1. CASA_Pro_IIN_Check_Final_Spec_KZ_2026-08-21(2).docx,"MASTER §12; IIN §7.4, T-010/T-015/T-016/T-023/T-043",NEGATIVE,P0,CRITICAL,Timeout/403/schema error одного обязательного source,SOURCE_UNAVAILABLE/ACCESS_REQUIRED/ERROR; batch PARTIAL; общий negative result запрещён.,,NOT_TESTED,,,,,,,,,,RG5;RG8,
AT-IIN-007,1.0,02 IIN Check R0,Покрытие,Частичная проверка не отображается как «чисто»,CEO и брокер должны видеть фактическое покрытие.,00_CASA_Pro_MASTER_v1.2.docx; 1. CASA_Pro_IIN_Check_Final_Spec_KZ_2026-08-21(2).docx,"MASTER §12; IIN §7.4, T-023/T-048",UX,P0,CRITICAL,3 из 7 источников завершены,Показано «Проверка частичная: 3 из 7» и незавершённые sources; нет общего зелёного результата.,,NOT_TESTED,,,,,,,,,,RG5;RG9,
AT-IIN-008,1.0,02 IIN Check R0,Покрытие,COMPLETE_NO_RECORDS допустим только после успешной проверки всех обязательных sources,"Negative итог должен быть доказан, а не выведен из отсутствия ответа.",1. CASA_Pro_IIN_Check_Final_Spec_KZ_2026-08-21(2).docx,§7.4; T-024,REGRESSION,P0,CRITICAL,Все mandatory sources завершены valid negative/zero,Только тогда batch=COMPLETE_NO_RECORDS; manual/unavailable/unknown отсутствуют.,,NOT_TESTED,,,,,,,,,,RG5;RG8,
AT-IIN-009,1.0,02 IIN Check R0,CAPTCHA,CAPTCHA не обходится системой,Обход защит не входит в разрешённую автоматизацию.,00_CASA_Pro_MASTER_v1.2.docx; 1. CASA_Pro_IIN_Check_Final_Spec_KZ_2026-08-21(2).docx,MASTER §22; IIN §3.1/§6; T-013,SECURITY,P0,CRITICAL,Официальная форма с CAPTCHA,Автоматический request не выполняется; создаётся manual task; headless/OCR solver отсутствует.,,NOT_TESTED,,,,,,,,,,RG5;RG12,
AT-IIN-010,1.0,02 IIN Check R0,Provenance,"Каждый результат хранит дату, источник и доказательство",Без происхождения нельзя оспорить или повторить проверку.,1. CASA_Pro_IIN_Check_Final_Spec_KZ_2026-08-21(2).docx,§8.2/§9/§13.3,AUDIT,P0,CRITICAL,Завершённый manual result,"Есть source, checked_at, source_data_as_of, fresh_until, status/outcome, evidence/reference, actor и version.",,NOT_TESTED,,,,,,,,,,RG5;RG7,
AT-IIN-011,1.0,02 IIN Check R0,Статусы,Технический status отделён от result outcome,Ошибка доступа не должна становиться фактом о клиенте.,1. CASA_Pro_IIN_Check_Final_Spec_KZ_2026-08-21(2).docx,§8.3; T-017–T-019,DATA,P0,CRITICAL,"completed zero, unknown, access error","completed/zero, completed/unknown и access/source error — разные комбинации; 0, null, empty и error не склеиваются.",,NOT_TESTED,,,,,,,,,,RG5;RG8,
AT-IIN-012,1.0,02 IIN Check R0,UNKNOWN,UNKNOWN не превращается в false/zero/clean,Неизвестность должна оставаться видимой.,00_CASA_Pro_MASTER_v1.2.docx; 1. CASA_Pro_IIN_Check_Final_Spec_KZ_2026-08-21(2).docx,"MASTER §8; IIN §8.3, T-017/T-019",BOUNDARY,P0,CRITICAL,Ответ «Нет данных»/null без documented no-match,outcome=unknown либо schema issue; не not_found и не zero.,,NOT_TESTED,,,,,,,,,,RG5;RG8,
AT-IIN-013,1.0,02 IIN Check R0,Валидация ИИН,Невалидный ИИН блокируется до любого внешнего действия,Нельзя отправлять ошибочный идентификатор источникам.,1. CASA_Pro_IIN_Check_Final_Spec_KZ_2026-08-21(2).docx,§7.1; T-001–T-002,NEGATIVE,P0,CRITICAL,Не 12 цифр / неверный контрольный разряд,VALIDATION_ERROR; external request count=0; дата/пол не выводятся из структуры ИИН.,,NOT_TESTED,,,,,,,,,,RG5,
AT-IIN-014,1.0,02 IIN Check R0,Идемпотентность,Повторный клик не создаёт второй batch,Дублирование проверок и evidence разрушает аудит.,1. CASA_Pro_IIN_Check_Final_Spec_KZ_2026-08-21(2).docx,§7.1; T-027–T-028,INTEGRATION,P1,HIGH,Двойной клик с одним Idempotency-Key,Один batch и один набор задач; свежий существующий batch переиспользуется по policy.,,NOT_TESTED,,,,,,,,,,RG5,
AT-IIN-015,1.0,02 IIN Check R0,Версионность,Refresh создаёт новый immutable batch,Старый факт и его дата должны оставаться воспроизводимыми.,1. CASA_Pro_IIN_Check_Final_Spec_KZ_2026-08-21(2).docx,§8.5; T-026/T-031,AUDIT,P1,HIGH,Устаревший result + refresh,Создан новый batch/result с supersedes_id; прошлое подтверждение не перезаписано.,,NOT_TESTED,,,,,,,,,,RG5;RG11,
AT-IIN-016,1.0,02 IIN Check R0,UI источника,"Карточка источника показывает status, дату, канал, evidence и действие",Брокеру нужен понятный результат по каждому source.,1. CASA_Pro_IIN_Check_Final_Spec_KZ_2026-08-21(2).docx,§9; T-045–T-048,UX,P1,HIGH,Manual/unavailable/stale/completed cards,"Название source, дата, свежесть, исход, evidence status и один допустимый CTA видимы текстом, не только цветом.",,NOT_TESTED,,,,,,,,,,RG5;RG9,
AT-IIN-017,1.0,02 IIN Check R0,Граница результата,Факт ИИН-check не является банковским вердиктом,Реестровая запись не доказывает отказ или одобрение.,00_CASA_Pro_MASTER_v1.2.docx; 1. CASA_Pro_IIN_Check_Final_Spec_KZ_2026-08-21(2).docx,"MASTER §12; IIN §13.1, T-040–T-043",UX,P0,CRITICAL,Найдена официальная запись,Показан нейтральный факт и disclaimer; bank_verdict отсутствует; нет автоматического красного/зелёного решения.,,NOT_TESTED,,,,,,,,,,RG5;RG9,
AT-IIN-018,1.0,02 IIN Check R0,PII и tenant,"ИИН не попадает в URL/log/evidence, tenant isolation действует",Идентификатор нельзя раскрывать техническими каналами.,1. CASA_Pro_IIN_Check_Final_Spec_KZ_2026-08-21(2).docx,§13.3; T-032–T-035/T-044,SECURITY,P0,CRITICAL,Manual URL + чужой result ID,ИИН маскирован; query/path/referrer/log не содержит полный ИИН; cross-tenant request denied без existence leak.,,NOT_TESTED,,,,,,,,,,RG5;RG12,
AT-IIN-019,1.0,02 IIN Check R0,R0 suite,Все применимые к R0 контрольные тесты ИИН-check внесены в regression checklist,"DoD требует формальной трассировки тестов, даже когда production APIs выключены.",1. CASA_Pro_IIN_Check_Final_Spec_KZ_2026-08-21(2).docx,§10; §13.4–13.5; T-001–T-048,REGRESSION,P0,CRITICAL,R0 automated/manual test suite,"Применимые R0/manual/privacy/UI тесты PASS; API-specific tests помечены NOT_APPLICABLE до включения соответствующего feature flag, а не FAIL.",,NOT_TESTED,,,,,,,,,,RG5;RG12,
AT-IIN-020,1.0,02 IIN Check R0,Future API boundary,API-specific проверки не являются обязательной реализацией релиза 1.0,Bank/API gates нельзя искусственно превращать в scope R0.,00_CASA_Pro_MASTER_v1.2.docx; 1. CASA_Pro_IIN_Check_Final_Spec_KZ_2026-08-21(2).docx,MASTER §12/§20; IIN §13.4 R1–R4,INTEGRATION,P2,MEDIUM,AIS OIP/KGD connectors not enabled,Для R0 их execution tests = NOT_APPLICABLE; реестр хранит BLOCKED/ACCESS_REQUIRED reason; release 1.0 оценивается по R0/manual поведению.,,NOT_APPLICABLE,,,,,,,,,Не входит в обязательный PASS 1.0; сохранено как граница scope.,,
CH-001,1.0,03 Credit History,Upload,Upload grant привязан к tenant/case/participant/document type,Чужой документ не должен попасть в кейс.,2. CASA_Pro_Credit_History_Engine_Final_Spec_KZ_2026-08-21(4).docx,§18.1; CH-001,SECURITY,P0,CRITICAL,Действующее consent + PDF в лимите,Одноразовый grant выдан для exact tenant/case/participant/type.,,NOT_TESTED,,,,,,,,,,RG2;RG3,
CH-005,1.0,03 Credit History,Техническая проверка,"MIME проверяется по содержимому, не расширению",Поддельный тип файла не должен попадать в parser.,2. CASA_Pro_Credit_History_Engine_Final_Spec_KZ_2026-08-21(4).docx,§6.2; CH-005,NEGATIVE,P0,CRITICAL,"Extension .pdf, magic bytes PNG",FILE_TYPE_MISMATCH; parser не запускается.,,NOT_TESTED,,,,,,,,,,RG2;RG3,
CH-006,1.0,03 Credit History,Техническая проверка,Password-protected PDF не обрабатывается,CASA не должна запрашивать пароль клиента.,2. CASA_Pro_Credit_History_Engine_Final_Spec_KZ_2026-08-21(4).docx,§6.2; CH-006,NEGATIVE,P1,HIGH,Password-protected PDF,PASSWORD_PROTECTED; безопасная инструкция загрузить открытую официальную копию; пароль не запрашивается.,,NOT_TESTED,,,,,,,,,,RG2;RG3,
CH-007,1.0,03 Credit History,Безопасность файла,Malware/launch actions изолируются,PDF не должен выполнять активное содержимое.,2. CASA_Pro_Credit_History_Engine_Final_Spec_KZ_2026-08-21(4).docx,§6.2; CH-007,SECURITY,P0,CRITICAL,PDF с malware/launch action,Quarantine; активное содержимое не исполняется и страница не рендерится в browser.,,NOT_TESTED,,,,,,,,,,RG2;RG3;RG12,
CH-009,1.0,03 Credit History,Дубли,Exact duplicate не парсится повторно,Повторный parse создаёт дубли и расходится аудит.,2. CASA_Pro_Credit_History_Engine_Final_Spec_KZ_2026-08-21(4).docx,§6.4; CH-009,REGRESSION,P1,HIGH,Одинаковый SHA-256 в одном case,Возвращена ссылка на существующую document version; новый parse/source records не созданы.,,NOT_TESTED,,,,,,,,,,RG2;RG3,
CH-010,1.0,03 Credit History,Версионность,Новый ПКО создаёт новую версию и supersedes старую,История клиента должна быть воспроизводимой.,2. CASA_Pro_Credit_History_Engine_Final_Spec_KZ_2026-08-21(4).docx,§6.4; CH-010,AUDIT,P0,CRITICAL,Новый ПКО того же participant,Новая document/profile snapshot version; старая SUPERSEDED и read-only.,,NOT_TESTED,,,,,,,,,,RG3;RG11,
CH-011,1.0,03 Credit History,Regression fixture,"Правильно распознаны издатель, тип и дата отчёта",Неверный шаблон делает все downstream данные недостоверными.,2. CASA_Pro_Credit_History_Engine_Final_Spec_KZ_2026-08-21(4).docx,§5.1; CH-011,REGRESSION,P0,CRITICAL,FX-CH-REG-001,bureau=FCB; kind=FULL_PERSONAL; report_at=08.08.2026 09:51:38.,,NOT_TESTED,,,,,,,,,,RG3,
CH-012,1.0,03 Credit History,Regression fixture,Все 29 страниц присутствуют и идут по порядку,Пропуск страницы блокирует точный профиль.,2. CASA_Pro_Credit_History_Engine_Final_Spec_KZ_2026-08-21(4).docx,§5.1; CH-012–CH-014,REGRESSION,P0,CRITICAL,FX-CH-REG-001,pages_actual=pages_declared=29; sequence 1…29 PASS; пропуск/перестановка блокируют snapshot.,,NOT_TESTED,,,,,,,,,,RG3,
CH-017,1.0,03 Credit History,Подлинность,Копия без криптоподписи не показывается как подтверждённая,"Целостность, подлинность и extraction — разные статусы.",2. CASA_Pro_Credit_History_Engine_Final_Spec_KZ_2026-08-21(4).docx,§5.1/§6.3; CH-017,REGRESSION,P0,CRITICAL,FX-CH-REG-001,authenticity_status=UNVERIFIED_FLATTENED_PDF; не VERIFIED и не единый badge «Подтверждено».,,NOT_TESTED,,,,,,,,,,RG3;RG9,
CH-021,1.0,03 Credit History,Распознавание,При наличии text layer используется text-first,Полностраничный OCR может внести новые ошибки.,2. CASA_Pro_Credit_History_Engine_Final_Spec_KZ_2026-08-21(4).docx,§7.1/§12.1; CH-021–CH-022,FUNCTIONAL,P1,HIGH,FX-CH-REG-001,Text-first extraction; OCR только для отсутствующих/ненадёжных зон с отдельным provenance.,,NOT_TESTED,,,,,,,,,,RG3;RG7,
CH-023,1.0,03 Credit History,Распознавание,Расхождение text/OCR по критичной цифре создаёт review task,Высокая confidence не доказывает правильность значения.,2. CASA_Pro_Credit_History_Engine_Final_Spec_KZ_2026-08-21(4).docx,§12.1; CH-023,BOUNDARY,P0,CRITICAL,"Text=8, OCR/render=3 в платеже",Disagreement task; значение не auto-confirm; пользователь видит оба сигнала и crop.,,NOT_TESTED,,,,,,,,,,RG3;RG7,
CH-026,1.0,03 Credit History,Presence,"Blank, explicit zero и UNKNOWN различаются",Пустой остаток не равен нулю.,2. CASA_Pro_Credit_History_Engine_Final_Spec_KZ_2026-08-21(4).docx,§7.3/§12.2; CH-026–CH-028,BOUNDARY,P0,CRITICAL,Пустая ячейка / 0.00 / dash,BLANK→amount=null; EXPLICIT_ZERO→0.00; NOT_APPLICABLE отдельно; никакой скрытой подмены.,,NOT_TESTED,,,,,,,,,,RG3;RG8,
CH-031,1.0,03 Credit History,Текущие обязательства,Regression fixture содержит 3 активных обязательства,Это базовый контроль правильного current profile.,2. CASA_Pro_Credit_History_Engine_Final_Spec_KZ_2026-08-21(4).docx,§5.2/§11.2; CH-031,REGRESSION,P0,CRITICAL,FX-CH-REG-001,active_source_record_count=3 и active_obligation_count=3 после канонизации.,,NOT_TESTED,,,,,,,,,,RG3,
CH-032,1.0,03 Credit History,Текущие обязательства,Активные продукты: 2 карты и 1 банковский займ,Карты и займы имеют разные поля и нельзя смешивать их расчёт.,2. CASA_Pro_Credit_History_Engine_Final_Spec_KZ_2026-08-21(4).docx,§5.2; CH-032,REGRESSION,P0,CRITICAL,FX-CH-REG-001,2 CREDIT_CARD + 1 LOAN; active_card_count=2.,,NOT_TESTED,,,,,,,,,,RG3,
CH-033,1.0,03 Credit History,Текущий долг,Текущий остаток рассчитан точно,Ошибка в текущем долге искажает весь финансовый профиль.,2. CASA_Pro_Credit_History_Engine_Final_Spec_KZ_2026-08-21(4).docx,§5.2/§11.2; CH-033,CALCULATION,P0,CRITICAL,FX-CH-REG-001,"total_outstanding_by_currency.KZT = 4 737 798,64 ₸ exact.",,NOT_TESTED,,,,,,,,,,RG3;RG11,
CH-034,1.0,03 Credit History,Текущие платежи,Сумма source-reported payments рассчитана точно,"Платёжная нагрузка должна соответствовать источнику, без банковских догадок.",2. CASA_Pro_Credit_History_Engine_Final_Spec_KZ_2026-08-21(4).docx,§5.2/§11.2; CH-034,CALCULATION,P0,CRITICAL,FX-CH-REG-001,"total_reported_payment_by_currency.KZT = 211 711,02 ₸ exact; kind каждого платежа сохранён.",,NOT_TESTED,,,,,,,,,,RG3;RG11,
CH-035,1.0,03 Credit History,Кредитные карты,"Лимит, использование и текущий долг карты не смешиваются",Лимит нельзя прибавлять к задолженности.,2. CASA_Pro_Credit_History_Engine_Final_Spec_KZ_2026-08-21(4).docx,§5.2/§7.3; CH-035/CH-037,REGRESSION,P0,CRITICAL,FX-CH-REG-001,"card_limits.KZT=3 437 876,00; card_utilized.KZT=3 166 772,90; limit не добавлен в outstanding.",,NOT_TESTED,,,,,,,,,,RG3;RG8,
AT-CH-BUG-001,1.0,03 Credit History,Текущая просрочка,Историческая просрочка не должна считаться текущей.,Иначе брокер получает фактически неверное состояние клиента.,00_CASA_Pro_MASTER_v1.2.docx; 2. CASA_Pro_Credit_History_Engine_Final_Spec_KZ_2026-08-21(4).docx,MASTER §10; CH §10.3/§11.2; CH-036/CH-053/CH-056/CH-061,REGRESSION,P0,CRITICAL,FX-CH-REG-001,"active_current_delinquency_count = 0
max_current_dpd = 0",,NOT_TESTED,BUG-CH-001,,,,,,,,Actual заполняется только после проверки текущей реализации.,RG3;RG8;RG12,
CH-038,1.0,03 Credit History,Кредитные карты,Минимальный платёж карты хранится отдельно,"Это source-reported minimum payment, не оценка CASA.",2. CASA_Pro_Credit_History_Engine_Final_Spec_KZ_2026-08-21(4).docx,§7.3; CH-038,DATA,P0,CRITICAL,Активная карта с minimum payment 132 768,minimum_payment_reported=132 768; payment kind=MINIMUM_PAYMENT_REPORTED; отдельно от limit и utilized.,,NOT_TESTED,,,,,,,,,,RG3;RG8,
CH-040,1.0,03 Credit History,UNKNOWN,Неизвестный active balance делает total UNKNOWN,Нельзя молча суммировать только известную часть.,2. CASA_Pro_Credit_History_Engine_Final_Spec_KZ_2026-08-21(4).docx,§11.4; CH-040,BOUNDARY,P0,CRITICAL,Одно active obligation balance UNKNOWN,Total outstanding status=UNKNOWN с причиной и affected lineage; не partial silent sum и не 0.,,NOT_TESTED,,,,,,,,,,RG3;RG8,
CH-041,1.0,03 Credit History,Regression fixture,"30 source records, 29 кодов и 29 lineages",Проверяет полноту строк и корректную дедупликацию уступки.,2. CASA_Pro_Credit_History_Engine_Final_Spec_KZ_2026-08-21(4).docx,§5.2/§9; CH-041,REGRESSION,P0,CRITICAL,FX-CH-REG-001,source_contract_record_count=30; unique contract codes=29; canonical lineages=29.,,NOT_TESTED,,,,,,,,,,RG3,
CH-042,1.0,03 Credit History,Уступка,Код 1705551 даёт две source records и одну lineage,Исходный кредитор и коллектор не должны стать двумя текущими долгами.,2. CASA_Pro_Credit_History_Engine_Final_Spec_KZ_2026-08-21(4).docx,§5.3/§9; CH-042–CH-045,REGRESSION,P0,CRITICAL,"FX-CH-REG-001, chain 1705551",2 immutable records/nodes → 1 lineage; current balance lineage=0; historical max DPD=1 919; predecessor не суммируется.,,NOT_TESTED,,,,,,,,,,RG3;RG8,
CH-046,1.0,03 Credit History,Дедупликация,Две карты с suffix -001 и -003 остаются раздельными,Общий префикс не является доказательством дубля.,2. CASA_Pro_Credit_History_Engine_Final_Spec_KZ_2026-08-21(4).docx,§5.3/§9.2; CH-046,REGRESSION,P0,CRITICAL,FX-CH-REG-001,Две отдельные card lineages; общий кредитор/префикс не запускает merge.,,NOT_TESTED,,,,,,,,,,RG3,
CH-047,1.0,03 Credit History,Дедупликация,Похожие записи без явной связи не merge автоматически,Fuzzy merge может скрыть реальный долг.,2. CASA_Pro_Credit_History_Engine_Final_Spec_KZ_2026-08-21(4).docx,§9.2; CH-047–CH-048,NEGATIVE,P0,CRITICAL,"Same lender/amount/date, разные contract IDs",Записи остаются раздельными; ambiguous assignment создаёт manual review; merge только по evidence.,,NOT_TESTED,,,,,,,,,,RG3;RG7,
CH-052,1.0,03 Credit History,История,Реабилитация/закрытие не удаляет historical DPD,Исторические source facts должны сохраняться.,2. CASA_Pro_Credit_History_Engine_Final_Spec_KZ_2026-08-21(4).docx,§10.3; CH-052,REGRESSION,P1,HIGH,Collector status «Реабилитирован»,Rehabilitation fact/date сохранены; исторический DPD не удалён; в current delinquency не включён.,,NOT_TESTED,,,,,,,,,,RG3,
CH-053,1.0,03 Credit History,Current vs history,current DPD и lifetime DPD существуют отдельно,Исторический максимум не отвечает на вопрос о текущей просрочке.,00_CASA_Pro_MASTER_v1.2.docx; 2. CASA_Pro_Credit_History_Engine_Final_Spec_KZ_2026-08-21(4).docx,MASTER §10; CH §10.1–10.3; CH-053,BOUNDARY,P0,CRITICAL,"Active card current DPD=0, lifetime=60",Current profile=0; historical max=60; UI показывает разные поля/карточки.,,NOT_TESTED,,,,,,,,,,RG3;RG8;RG9,
CH-057,1.0,03 Credit History,История,Исторические DPD считаются на source и canonical уровнях отдельно,Количество исторических просрочек без единицы измерения неоднозначно.,2. CASA_Pro_Credit_History_Engine_Final_Spec_KZ_2026-08-21(4).docx,§5.2/§10.2/§11.3; CH-057–CH-059,REGRESSION,P1,HIGH,FX-CH-REG-001,source records historical DPD=8; canonical lineages historical DPD=7; lifetime max DPD=1 919.,,NOT_TESTED,,,,,,,,,,RG3,
CH-061,1.0,03 Credit History,Current vs history,Historical overdue amount не входит в current total,Исторический максимум суммы не является текущим долгом.,2. CASA_Pro_Credit_History_Engine_Final_Spec_KZ_2026-08-21(4).docx,§10.1/§10.3; CH-061,REGRESSION,P0,CRITICAL,"current overdue=0, lifetime max amount>0",Current overdue total остаётся 0; историческая сумма хранится отдельно.,,NOT_TESTED,,,,,,,,,,RG3;RG8,
CH-062,1.0,03 Credit History,MFO,Закрытые МФО не становятся активными,Историческое количество микрозаймов не равно текущей нагрузке.,2. CASA_Pro_Credit_History_Engine_Final_Spec_KZ_2026-08-21(4).docx,§5.2/§11.3; CH-062,REGRESSION,P0,CRITICAL,FX-CH-REG-001,MFO source records=24; active MFO=0.,,NOT_TESTED,,,,,,,,,,RG3,
CH-064,1.0,03 Credit History,Заявки,Regression fixture содержит 2 заявки за 30 дней,Заявки и запросы — разные сущности.,2. CASA_Pro_Credit_History_Engine_Final_Spec_KZ_2026-08-21(4).docx,§7.4/§11.3; CH-064–CH-066,REGRESSION,P2,MEDIUM,FX-CH-REG-001,application_count_30d=2; разные source IDs не merge по похожести.,,NOT_TESTED,,,,,,,,,,RG3,
CH-067,1.0,03 Credit History,Запросы КИ,Все 130 inquiry rows сохранены,Неполный parsing искажает исторический профиль.,2. CASA_Pro_Credit_History_Engine_Final_Spec_KZ_2026-08-21(4).docx,§7.5/§11.3; CH-067,REGRESSION,P1,HIGH,FX-CH-REG-001,Total inquiry rows=130.,,NOT_TESTED,,,,,,,,,,RG3,
CH-068,1.0,03 Credit History,Запросы КИ,Окна запросов 30/90/180 рассчитаны точно,Окна должны быть детерминированы от report timestamp.,2. CASA_Pro_Credit_History_Engine_Final_Spec_KZ_2026-08-21(4).docx,§11.1/§11.3; CH-068–CH-071,CALCULATION,P1,HIGH,FX-CH-REG-001,All inquiries 30/90/180 = 1/11/33; creditor=1/11/32; self=0/0/1; UNKNOWN type не становится creditor.,,NOT_TESTED,,,,,,,,,,RG3,
CH-072,1.0,03 Credit History,PKR,Рейтинг бюро хранится как source fact с собственной датой,Старый ПКР не должен стать CASA Score.,2. CASA_Pro_Credit_History_Engine_Final_Spec_KZ_2026-08-21(4).docx,§5.3/§11.3; CH-072–CH-073,DATA,P1,HIGH,FX-CH-REG-001,value=636; as_of=08.07.2024; дата отдельно от report_at; UI не называет это оценкой CASA.,,NOT_TESTED,,,,,,,,,,RG3;RG9,
CH-075,1.0,03 Credit History,Correction,Исправление критичной цифры создаёт reviewed revision,Raw source fact нельзя переписывать.,2. CASA_Pro_Credit_History_Engine_Final_Spec_KZ_2026-08-21(4).docx,§13.2; CH-075–CH-076,AUDIT,P0,CRITICAL,Payment corrected 8→3,"Raw, parsed, corrected, actor, reason, time и evidence сохранены; создаётся новая profile version; stale edit получает conflict.",,NOT_TESTED,,,,,,,,,,RG3;RG7;RG11,
CH-077,1.0,03 Credit History,Publish gate,Unresolved critical task блокирует snapshot,Неподтверждённый критичный вход нельзя публиковать как точный.,2. CASA_Pro_Credit_History_Engine_Final_Spec_KZ_2026-08-21(4).docx,§12.4/§13; CH-077,NEGATIVE,P0,CRITICAL,Unresolved active balance task,SNAPSHOT_GATE_FAILED с task code; подтверждённый snapshot не создаётся.,,NOT_TESTED,,,,,,,,,,RG3;RG7,
CH-078,1.0,03 Credit History,Подлинность,Policy waiver не меняет UNVERIFIED на VERIFIED,Принятие риска не является доказательством подлинности.,2. CASA_Pro_Credit_History_Engine_Final_Spec_KZ_2026-08-21(4).docx,§6.3/§12.4; CH-078,BOUNDARY,P0,CRITICAL,"Authenticity unverified, policy allows acceptance",Snapshot сохраняет unverified status и warning; не переписывает его в VERIFIED.,,NOT_TESTED,,,,,,,,,,RG3;RG9,
CH-082,1.0,03 Credit History,Export,Snapshot/export содержит нейтральные факты без банковского verdict,Credit History Engine не принимает решение банка.,2. CASA_Pro_Credit_History_Engine_Final_Spec_KZ_2026-08-21(4).docx,§16/§18.8; CH-082,UX,P0,CRITICAL,Export snapshot,"Факты, current/historical profiles, quality и версии; нет bank verdict, bank KDN, good/bad label или CASA score.",,NOT_TESTED,,,,,,,,,,RG3;RG9,
CH-085,1.0,03 Credit History,Воспроизводимость,Новая версия parser не переписывает старый результат,Регрессия должна сравниваться по версиям.,2. CASA_Pro_Credit_History_Engine_Final_Spec_KZ_2026-08-21(4).docx,§6.4; CH-085–CH-086,REGRESSION,P1,HIGH,"Тот же PDF, новая parser version",Новый parse_run и diff; старый snapshot воспроизводим; merge/split создаёт новую link version.,,NOT_TESTED,,,,,,,,,,RG3;RG11,
CH-089,1.0,03 Credit History,UX карты,"Balance, limit и minimum payment показаны отдельно",Три разных показателя не должны визуально сливаться.,00_CASA_Pro_MASTER_v1.2.docx; 2. CASA_Pro_Credit_History_Engine_Final_Spec_KZ_2026-08-21(4).docx,MASTER §10; CH §14.1; CH-089,UX,P0,CRITICAL,Активная кредитная карта,"Отдельные подписанные значения: текущий остаток/использование, лимит, минимальный платёж; источник каждого доступен.",,NOT_TESTED,,,,,,,,,,RG3;RG9,
CH-090,1.0,03 Credit History,UX статусов,Шапка отчёта показывает четыре независимых статуса,Один badge «Подтверждено» скрывает качество и подлинность.,2. CASA_Pro_Credit_History_Engine_Final_Spec_KZ_2026-08-21(4).docx,§14.1; CH-090,UX,P0,CRITICAL,FX-CH-REG-001,"Отдельно: файл, подлинность, extraction, reconciliation/review; неподтверждённая подлинность видима.",,NOT_TESTED,,,,,,,,,,RG3;RG9,
AT-CH-UX-001,1.0,03 Credit History,UX current/history,«Текущие обязательства» отделены от «Истории»,Закрытые кредиты и historical DPD не должны выглядеть текущей нагрузкой.,00_CASA_Pro_MASTER_v1.2.docx; 2. CASA_Pro_Credit_History_Engine_Final_Spec_KZ_2026-08-21(4).docx,MASTER §10; CH §14.1,UX,P0,CRITICAL,FX-CH-REG-001,Две отдельные карточки/раздела; current DPD только в current; lifetime/history только в history.,,NOT_TESTED,,,,,,,,,,RG3;RG9,
AT-CH-UX-002,1.0,03 Credit History,UX evidence,"Критичное значение можно открыть в PDF, подтвердить или исправить",Брокер должен доказать происхождение цифры.,00_CASA_Pro_MASTER_v1.2.docx; 2. CASA_Pro_Credit_History_Engine_Final_Spec_KZ_2026-08-21(4).docx,MASTER §9; CH §13–14,UX,P0,CRITICAL,Остаток/current DPD/payment,Видны document/page/crop; доступны Confirm или Correct с обязательной причиной и audit.,,NOT_TESTED,,,,,,,,,,RG3;RG7;RG9,
AT-CH-UX-003,1.0,03 Credit History,UX запреты,"Нет «хорошая/плохая КИ», «банк одобрит/откажет» и CASA Score",У блока нет подтверждённого основания для такого verdict.,00_CASA_Pro_MASTER_v1.2.docx; 2. CASA_Pro_Credit_History_Engine_Final_Spec_KZ_2026-08-21(4).docx,MASTER §10/§18; CH §14.2/§21.3,UX,P0,CRITICAL,Все экраны и exports Credit History,Запрещённые labels отсутствуют; внутренние error/enum codes не являются основным текстом брокеру.,,NOT_TESTED,,,,,,,,,,RG3;RG9,
AT-CH-SUITE-01,1.0,03 Credit History,Regression suite,Полный набор CH-001…CH-090 трассируется и выполняется,"Definition of Done требует все технические suites, а не только ключевые цифры fixture.",2. CASA_Pro_Credit_History_Engine_Final_Spec_KZ_2026-08-21(4).docx,§18.1–18.8; §21.4; CH-001–CH-090,REGRESSION,P0,CRITICAL,CH automated/manual regression suite,Все применимые CH-001…CH-090 PASS; unsupported templates остаются behind feature flag; evidence сохранено.,,NOT_TESTED,,,,,,,,,,RG3;RG12,
AT-PC-001A,1.0,04 Pension Contributions,Regression fixture,Эталонный документ содержит ровно 2 страницы,Полнота документа — базовый publish gate.,03_CASA_Pro_Pension_Contribution_Engine_Final_Spec_KZ_2026-08-21(5).docx,§2.1; PC-001,REGRESSION,P0,CRITICAL,FX-PC-REG-001,pages_actual=pages_declared=2; sequence 1/2→2/2.,,NOT_TESTED,,,,,,,,,,RG2;RG4,
AT-PC-001B,1.0,04 Pension Contributions,Regression fixture,Распознано ровно 6 contribution rows,Потеря/дубль строки меняет суммы и месяцы.,03_CASA_Pro_Pension_Contribution_Engine_Final_Spec_KZ_2026-08-21(5).docx,§2.1–2.2; PC-001,REGRESSION,P0,CRITICAL,FX-PC-REG-001,6 source records; repeated headers/OCR overlays не считаются строками.,,NOT_TESTED,,,,,,,,,,RG4,
AT-PC-001C,1.0,04 Pension Contributions,Regression fixture,Периоды строк = 01.2026–06.2026,Месяцы нельзя подменять query period из шапки.,03_CASA_Pro_Pension_Contribution_Engine_Final_Spec_KZ_2026-08-21(5).docx,§2.1–2.2; PC-001,REGRESSION,P0,CRITICAL,FX-PC-REG-001,"Последовательные contribution_period: 2026-01, 02, 03, 04, 05, 06.",,NOT_TESTED,,,,,,,,,,RG4,
AT-PC-001D,1.0,04 Pension Contributions,Regression fixture,Каждая из 6 сумм = 10 000 ₸,Критичные суммы должны сходиться по строкам.,03_CASA_Pro_Pension_Contribution_Engine_Final_Spec_KZ_2026-08-21(5).docx,§2.1–2.2; PC-001,REGRESSION,P0,CRITICAL,FX-PC-REG-001,"Каждая effective processed row amount=10 000,00 KZT.",,NOT_TESTED,,,,,,,,,,RG4,
AT-PC-001E,1.0,04 Pension Contributions,Regression fixture,CASA-calculated sum = 60 000 ₸,"Это детерминированная сумма строк, не source printed total.",03_CASA_Pro_Pension_Contribution_Engine_Final_Spec_KZ_2026-08-21(5).docx,§2.3–2.4; PC-001; PCR-010–PCR-011,CALCULATION,P0,CRITICAL,FX-PC-REG-001,"CASA row-sum=60 000,00 KZT; source_total_check=NOT_APPLICABLE, потому что итог источником не напечатан.",,NOT_TESTED,,,,,,,,,,RG4,
AT-PC-001F,1.0,04 Pension Contributions,Regression fixture,Определён один отправитель,"История отправителей строится по identifier, не имени.",03_CASA_Pro_Pension_Contribution_Engine_Final_Spec_KZ_2026-08-21(5).docx,§2.1/§8; PC-001,REGRESSION,P0,CRITICAL,FX-PC-REG-001,unique_sender_count=1; один masked 12-digit identifier; sender role=CONTRIBUTION_SENDER.,,NOT_TESTED,,,,,,,,,,RG4,
AT-PC-001G,1.0,04 Pension Contributions,Regression fixture,КНП 010 и source status PROCESSED распознаны для всех строк,Неизвестный код/status нельзя считать положительным ОПВ.,03_CASA_Pro_Pension_Contribution_Engine_Final_Spec_KZ_2026-08-21(5).docx,§2.1/§4; PC-001,REGRESSION,P0,CRITICAL,FX-PC-REG-001,"Каждая строка KNP=010, type=OPV, status=PROCESSED; leading zero сохранён.",,NOT_TESTED,,,,,,,,,,RG4;RG8,
AT-PC-001H,1.0,04 Pension Contributions,Regression fixture,Даты строк и страницы соответствуют fixture,Source fact должен вести к точному evidence.,03_CASA_Pro_Pension_Contribution_Engine_Final_Spec_KZ_2026-08-21(5).docx,§2.2; PC-001,REGRESSION,P1,HIGH,FX-PC-REG-001,Получение/отправка/дата документа и pages совпадают с шестью каноническими строками §2.2.,,NOT_TESTED,,,,,,,,,,RG4;RG7,
AT-PC-002,1.0,04 Pension Contributions,Получение,Пенсионный PDF загружается пользователем вручную,Релиз 1.0 не зависит от eGov/ЕНПФ API.,00_CASA_Pro_MASTER_v1.2.docx; 03_CASA_Pro_Pension_Contribution_Engine_Final_Spec_KZ_2026-08-21(5).docx,MASTER §11/§20; Pension §1.1–1.2,FUNCTIONAL,P0,CRITICAL,Действующее consent + поддерживаемый PDF,Manual upload работает; direct API/login/OTP/ЭЦП отсутствуют.,,NOT_TESTED,,,,,,,,,,RG2;RG4,
AT-PC-003,1.0,04 Pension Contributions,Coverage,Report query period не подменяет доказанное покрытие месяцев,В fixture первая строка относится к месяцу вне начала query period.,03_CASA_Pro_Pension_Contribution_Engine_Final_Spec_KZ_2026-08-21(5).docx,§2.3 A/§7.2; PC-005,BOUNDARY,P0,CRITICAL,FX-PC-REG-001,"query_period_basis=UNKNOWN; covered_month_count=UNKNOWN; показано 6 наблюдаемых месяцев, не «6 из 6 покрытия».",,NOT_TESTED,,,,,,,,,,RG4;RG8,
AT-PC-004,1.0,04 Pension Contributions,Missing month,Неизвестный месяц не становится NO_CONTRIBUTION,Отсутствие строки не доказывает отсутствие взноса без coverage.,00_CASA_Pro_MASTER_v1.2.docx; 03_CASA_Pro_Pension_Contribution_Engine_Final_Spec_KZ_2026-08-21(5).docx,MASTER §11; Pension §7.1–7.2; PC-003–PC-005,BOUNDARY,P0,CRITICAL,"Нет строки за месяц, coverage=UNKNOWN",Month status=UNKNOWN; не NO_CONTRIBUTION и не 0; gap_months не пополняется.,,NOT_TESTED,,,,,,,,,,RG4;RG8,
AT-PC-005,1.0,04 Pension Contributions,Sender semantics,Отправитель не становится работодателем автоматически,Пенсионный sender не доказывает трудовые отношения.,00_CASA_Pro_MASTER_v1.2.docx; 03_CASA_Pro_Pension_Contribution_Engine_Final_Spec_KZ_2026-08-21(5).docx,MASTER §11; Pension §8.1; PC-008,DATA,P0,CRITICAL,Sender prefix «ИП»,UI/snapshot используют «отправитель пенсионных взносов»; employer relation только отдельным reviewed fact.,,NOT_TESTED,,,,,,,,,,RG4;RG6;RG8,
AT-PC-006,1.0,04 Pension Contributions,Income boundary,10 000 ₸ взноса не становится доходом 100 000 ₸,КНП 010 не доказывает режим и ставку.,00_CASA_Pro_MASTER_v1.2.docx; 03_CASA_Pro_Pension_Contribution_Engine_Final_Spec_KZ_2026-08-21(5).docx,MASTER §11; Pension §4.4/§10.3; PC-019,CALCULATION,P0,CRITICAL,FX-PC-REG-001,estimated_contribution_base=null; estimate_status=UNKNOWN_RATE_CONTEXT; salary/verified income/bank income не создаются.,,NOT_TESTED,,,,,,,,,,RG4;RG8,
AT-PC-007,1.0,04 Pension Contributions,KNP,Неизвестный КНП не классифицируется как ОПВ,Название документа не заменяет реестр кодов.,03_CASA_Pro_Pension_Contribution_Engine_Final_Spec_KZ_2026-08-21(5).docx,§4.1; PC-025,NEGATIVE,P0,CRITICAL,Unknown KNP,contribution_type=UNKNOWN; manual review; строка не входит в positive totals/base.,,NOT_TESTED,,,,,,,,,,RG4;RG8,
AT-PC-008,1.0,04 Pension Contributions,Пеня,Пеня не входит в положительные пенсионные взносы,Penalty не является contribution base.,03_CASA_Pro_Pension_Contribution_Engine_Final_Spec_KZ_2026-08-21(5).docx,§4/§4.1; PC-024,NEGATIVE,P0,CRITICAL,KNP 019/009/098,"payment_class=PENALTY; source fact сохранён; исключён из positive totals, months и base.",,NOT_TESTED,,,,,,,,,,RG4;RG8,
AT-PC-009,1.0,04 Pension Contributions,Zero/blank,UNKNOWN/blank/explicit zero различаются,Пустая сумма не может стать нулевым взносом.,03_CASA_Pro_Pension_Contribution_Engine_Final_Spec_KZ_2026-08-21(5).docx,§5.4; PC-026–PC-027,BOUNDARY,P0,CRITICAL,0 / blank amount,"EXPLICIT_ZERO сохраняется, но не positive; BLANK→null и blocking review; UNKNOWN не превращается в 0.",,NOT_TESTED,,,,,,,,,,RG4;RG8,
AT-PC-010,1.0,04 Pension Contributions,Subject,Документ другого субъекта блокирует snapshot,Пенсионные данные нельзя привязать не тому участнику.,03_CASA_Pro_Pension_Contribution_Engine_Final_Spec_KZ_2026-08-21(5).docx,§3.3/§13.1; PC-028,NEGATIVE,P0,CRITICAL,ИИН в PDF не совпадает с participant,SUBJECT_MISMATCH; profile/snapshot не создаётся; безопасный replace flow.,,NOT_TESTED,,,,,,,,,,RG2;RG4,
AT-PC-011,1.0,04 Pension Contributions,Полнота,Пропущенная страница блокирует snapshot,Неполный документ может скрыть строки.,03_CASA_Pro_Pension_Contribution_Engine_Final_Spec_KZ_2026-08-21(5).docx,§3.3; PC-029,NEGATIVE,P0,CRITICAL,Отсутствует page 2/2,INCOMPLETE; PCR-001 fail; no snapshot.,,NOT_TESTED,,,,,,,,,,RG2;RG4,
AT-PC-012,1.0,04 Pension Contributions,Безопасность файла,Повреждённый/опасный PDF не запускает extraction,Parser должен быть изолирован.,03_CASA_Pro_Pension_Contribution_Engine_Final_Spec_KZ_2026-08-21(5).docx,§3.3; PC-030,SECURITY,P0,CRITICAL,Corrupt PDF,CORRUPT_PDF/QUARANTINED; extraction не начинается; понятная безопасная ошибка.,,NOT_TESTED,,,,,,,,,,RG2;RG4;RG12,
AT-PC-013,1.0,04 Pension Contributions,OCR,OCR disagreement блокирует молчаливый итог,Ошибка x10 в сумме критична.,03_CASA_Pro_Pension_Contribution_Engine_Final_Spec_KZ_2026-08-21(5).docx,§6/§6.2; PC-031–PC-033,NEGATIVE,P0,CRITICAL,OCR amount x10 / period 03→08 / sender digit error,Critical review task + evidence; profile/sender resolution не публикуется до исправления.,,NOT_TESTED,,,,,,,,,,RG4;RG7,
AT-PC-014,1.0,04 Pension Contributions,Дубли,Text и OCR одной строки не задваивают сумму,Extraction provenance не должно становиться второй транзакцией.,03_CASA_Pro_Pension_Contribution_Engine_Final_Spec_KZ_2026-08-21(5).docx,§6.3; PC-034,REGRESSION,P0,CRITICAL,Text+OCR same bbox,Один source record с двумя extraction provenances; сумма учитывается один раз.,,NOT_TESTED,,,,,,,,,,RG4,
AT-PC-015,1.0,04 Pension Contributions,Дубли,Exact и semantic duplicates обрабатываются безопасно,Повторная публикация удваивает историю.,03_CASA_Pro_Pension_Contribution_Engine_Final_Spec_KZ_2026-08-21(5).docx,§6.3; PC-035–PC-036,REGRESSION,P1,HIGH,Same SHA / resaved semantic duplicate,Exact duplicate возвращает existing version; semantic candidate требует manual resolve и не публикуется дважды.,,NOT_TESTED,,,,,,,,,,RG4,
AT-PC-016,1.0,04 Pension Contributions,Template,Неизвестный template не разбирается как «похожий»,Closest-template parsing создаёт скрытые ошибки.,03_CASA_Pro_Pension_Contribution_Engine_Final_Spec_KZ_2026-08-21(5).docx,§3.2; PC-037,NEGATIVE,P0,CRITICAL,Unknown official PDF layout,UNSUPPORTED_TEMPLATE + SAMPLE_REQUIRED; no snapshot; файл изолирован для sample flow.,,NOT_TESTED,,,,,,,,,,RG4,
AT-PC-017,1.0,04 Pension Contributions,Подлинность,Непроверенный штрих-код не становится VERIFIED,Наличие изображения не доказывает подпись payload.,03_CASA_Pro_Pension_Contribution_Engine_Final_Spec_KZ_2026-08-21(5).docx,§3.4; PC-039,REGRESSION,P0,CRITICAL,FX-PC-REG-001,authenticity_status=BARCODE_PRESENT_UNVERIFIED; отдельный warning; integrity/extraction статусы не меняются.,,NOT_TESTED,,,,,,,,,,RG4;RG9,
AT-PC-018,1.0,04 Pension Contributions,Source warning,"Устаревший legal footer создаёт warning, не автоматический fraud verdict","Несоответствие текста источника требует проверки, а не выдуманного вывода.",03_CASA_Pro_Pension_Contribution_Engine_Final_Spec_KZ_2026-08-21(5).docx,§2.3 C; PC-040,REGRESSION,P2,MEDIUM,FX-PC-REG-001,SOURCE_LEGAL_TEXT_OUTDATED + NEEDS_REVIEW; документ не объявлен поддельным/недействительным автоматически.,,NOT_TESTED,,,,,,,,,,RG4,
AT-PC-019,1.0,04 Pension Contributions,UX,"Брокер видит месяцы, суммы, отправителя, тип и статус строк",Основные факты fixture должны быть проверяемы без технических кодов.,00_CASA_Pro_MASTER_v1.2.docx; 03_CASA_Pro_Pension_Contribution_Engine_Final_Spec_KZ_2026-08-21(5).docx,MASTER §11/§18; Pension §11.1–11.2,UX,P0,CRITICAL,FX-PC-REG-001,"6 строк 01–06.2026 по 10 000 ₸, sender, OPV/010, dates/status и source evidence видимы; coverage UNKNOWN показан отдельно.",,NOT_TESTED,,,,,,,,,,RG4;RG9,
AT-PC-020,1.0,04 Pension Contributions,UX review,"Сомнительное поле можно открыть, подтвердить или исправить",Критичные пенсионные факты требуют human verification.,00_CASA_Pro_MASTER_v1.2.docx; 03_CASA_Pro_Pension_Contribution_Engine_Final_Spec_KZ_2026-08-21(5).docx,MASTER §9; Pension §11.3,UX,P0,CRITICAL,Low confidence amount/KNP/sender/date,Jump-to-evidence; raw/parsed/corrected; correction reason/comment/actor/time; dependent profile recalculated.,,NOT_TESTED,,,,,,,,,,RG4;RG7;RG9,
AT-PC-021,1.0,04 Pension Contributions,UX codes,RATE_CONTEXT_REQUIRED и другие коды переведены на человеческий язык,Брокер не должен расшифровывать внутренние enum/error codes.,00_CASA_Pro_MASTER_v1.2.docx; 03_CASA_Pro_Pension_Contribution_Engine_Final_Spec_KZ_2026-08-21(5).docx,MASTER §18; Pension §13,UX,P0,CRITICAL,UNKNOWN_RATE_CONTEXT / RECONCILIATION_FAILED,"Основной текст: «Недостаточно данных, чтобы рассчитать базу» / «Итоги не сошлись»; код остаётся только в деталях.",,NOT_TESTED,,,,,,,,,,RG9,
AT-PC-022,1.0,04 Pension Contributions,Snapshot,Pension snapshot неизменяем и воспроизводим,Downstream не должен перечитывать PDF и менять source facts.,03_CASA_Pro_Pension_Contribution_Engine_Final_Spec_KZ_2026-08-21(5).docx,§12/§13.1/§17,AUDIT,P0,CRITICAL,Confirmed pension facts,Exact document/parser/registry/review/profile versions + input IDs/hash; replay даёт те же metrics; correction создаёт новую version.,,NOT_TESTED,,,,,,,,,,RG4;RG11,
AT-PC-SUITE-01,1.0,04 Pension Contributions,Regression suite,PC-001…PC-040 и PCR-001…PCR-015 трассируются и выполняются,"DoD включает negative/boundary/duplicate/security случаи, не только fixture total.",03_CASA_Pro_Pension_Contribution_Engine_Final_Spec_KZ_2026-08-21(5).docx,§6.2; §14; §17; PC-001–PC-040; PCR-001–PCR-015,REGRESSION,P0,CRITICAL,Pension automated/manual regression suite,Все применимые тесты PASS; OPEN gate behavior остаётся UNKNOWN/manual и не преобразуется в автоматический факт.,,NOT_TESTED,,,,,,,,,,RG4;RG12,
CP-001,1.0,05 Client Profile,Динамическая анкета,"Спросить только то, чего CASA ещё не знает",Повторный ввод создаёт расхождения и лишнюю работу брокера.,00_CASA_Pro_MASTER_v1.2.docx; 04_CASA_Pro_Client_Profile_Final_Spec_KZ_2026-08-21(2).docx,MASTER §13; CP §2/§12; CP-001,UX,P0,CRITICAL,Published IIN/CH/Pension snapshots,"Анкета не просит повторный ИИН, кредиты и пенсионные строки; source badges и evidence доступны.",,NOT_TESTED,,,,,,,,,,RG6,
CP-002,1.0,05 Client Profile,Участники,При отсутствии супруга spouse participant не создаётся,Нельзя собирать лишние персональные данные.,04_CASA_Pro_Client_Profile_Final_Spec_KZ_2026-08-21(2).docx,§5/§12; CP-002,NEGATIVE,P1,HIGH,marital status without spouse,Spouse participant и блок его доходов отсутствуют.,,NOT_TESTED,,,,,,,,,,RG6,
CP-003,1.0,05 Client Profile,Участники,Супруг не становится созаёмщиком автоматически,Семейная роль не равна роли в ипотечном анализе.,00_CASA_Pro_MASTER_v1.2.docx; 04_CASA_Pro_Client_Profile_Final_Spec_KZ_2026-08-21(2).docx,MASTER §13; CP §5; CP-003,DATA,P0,CRITICAL,"Есть spouse, co-borrower не выбран",role=SPOUSE; included_in_analysis=false; его доход не агрегируется.,,NOT_TESTED,,,,,,,,,,RG6;RG8,
CP-004,1.0,05 Client Profile,Участники,Созаёмщик — отдельный participant с отдельным consent,Доходы и обязательства разных людей нельзя смешивать.,04_CASA_Pro_Client_Profile_Final_Spec_KZ_2026-08-21(2).docx,§5/§12; CP-004–CP-005,FUNCTIONAL,P0,CRITICAL,Один/два созаёмщика,"Отдельные participant IDs, roles, ordinal, consent, employment/income/obligations; ownership не смешивается.",,NOT_TESTED,,,,,,,,,,RG1;RG6,
CP-006,1.0,05 Client Profile,Занятость,Один участник может иметь несколько работ,Одна запись employment не покрывает реальную структуру занятости.,04_CASA_Pro_Client_Profile_Final_Spec_KZ_2026-08-21(2).docx,§6; CP-006,FUNCTIONAL,P1,HIGH,Два места работы одного participant,Созданы две независимые employment records с периодами/status/evidence.,,NOT_TESTED,,,,,,,,,,RG6,
CP-007,1.0,05 Client Profile,Доходы,Один участник может иметь несколько источников дохода,Работа и доход — разные сущности.,04_CASA_Pro_Client_Profile_Final_Spec_KZ_2026-08-21(2).docx,§7; CP-007/CP-013–CP-015,FUNCTIONAL,P1,HIGH,Salary + rental/business/housing payment,Каждый income_source хранится отдельно с owner/type/periodicity/status/evidence.,,NOT_TESTED,,,,,,,,,,RG6,
CP-008,1.0,05 Client Profile,Pension relation,Pension sender ↔ employer только как candidate reviewed relation,Совпадение имени не доказывает занятость.,04_CASA_Pro_Client_Profile_Final_Spec_KZ_2026-08-21(2).docx,§6; CP-008–CP-009,BOUNDARY,P0,CRITICAL,Sender совпадает/не совпадает с employer,Candidate или CONFLICT; sender source fact не переименован; relationship требует подтверждения.,,NOT_TESTED,,,,,,,,,,RG6;RG8,
CP-010,1.0,05 Client Profile,Занятость,Maternity/leave не превращает прежнюю зарплату в текущий accepted income,Статус занятости и банковское принятие дохода разделены.,04_CASA_Pro_Client_Profile_Final_Spec_KZ_2026-08-21(2).docx,§6/§10; CP-010,BOUNDARY,P1,HIGH,employment_status=MATERNITY_LEAVE,Прежняя salary не получает current accepted status; факт отпуска видим отдельно.,,NOT_TESTED,,,,,,,,,,RG6;RG8,
CP-011,1.0,05 Client Profile,Доходы,"Declared, verified и bank accepted income не смешиваются",Анкета не применяет банковские правила.,00_CASA_Pro_MASTER_v1.2.docx; 04_CASA_Pro_Client_Profile_Final_Spec_KZ_2026-08-21(2).docx,MASTER §13; CP §7; CP-011–CP-012,DATA,P0,CRITICAL,Salary без/с evidence,Без evidence status=DECLARED; с allowed evidence=VERIFIED; bank_accepted_income отсутствует.,,NOT_TESTED,,,,,,,,,,RG6;RG8,
CP-013,1.0,05 Client Profile,Доходы,Оборот бизнеса не смешивается с доходом,Business amount требует собственной семантики/evidence.,04_CASA_Pro_Client_Profile_Final_Spec_KZ_2026-08-21(2).docx,§7; CP-013,DATA,P1,HIGH,Business turnover + tax evidence,BUSINESS income отдельным source; turnover/verified income не слиты.,,NOT_TESTED,,,,,,,,,,RG6,
CP-016,1.0,05 Client Profile,UNKNOWN,Unknown income amount остаётся UNKNOWN,Неизвестное не равно отсутствующему доходу.,04_CASA_Pro_Client_Profile_Final_Spec_KZ_2026-08-21(2).docx,§7/§11; CP-016,BOUNDARY,P0,CRITICAL,Income amount unknown,amount=null/status=UNKNOWN; не 0 и не false.,,NOT_TESTED,,,,,,,,,,RG6;RG8,
CP-017,1.0,05 Client Profile,Первоначальный взнос,Declared down payment сверяется с sources,Верхнеуровневый ответ должен иметь происхождение.,04_CASA_Pro_Client_Profile_Final_Spec_KZ_2026-08-21(2).docx,§4/§9; CP-017–CP-018,CALCULATION,P0,CRITICAL,Target 5m; sources 5m / 3m,"5m=5m → reconciliation PASS; 5m vs 3m → UNRECONCILED gap 2m, не скрытый 0.",,NOT_TESTED,,,,,,,,,,RG6;RG8,
CP-019,1.0,05 Client Profile,Активы и ПВ,Asset не становится первоначальным взносом автоматически,Стоимость имущества не равна доступным денежным средствам.,00_CASA_Pro_MASTER_v1.2.docx; 04_CASA_Pro_Client_Profile_Final_Spec_KZ_2026-08-21(2).docx,MASTER §13; CP §8–9; CP-019,BOUNDARY,P0,CRITICAL,Asset value 30m без source mechanism,Asset не входит в cash down payment; нужен отдельный down_payment_source.,,NOT_TESTED,,,,,,,,,,RG6;RG8,
CP-020,1.0,05 Client Profile,Активы и ПВ,Продажа актива хранится отдельным источником ПВ,"Нужны механизм, сумма и дата доступности.",04_CASA_Pro_Client_Profile_Final_Spec_KZ_2026-08-21(2).docx,§9; CP-020,DATA,P1,HIGH,ASSET_SALE,Asset link + expected/actual proceeds + available_date + status/evidence.,,NOT_TESTED,,,,,,,,,,RG6,
CP-021,1.0,05 Client Profile,Активы и ПВ,Дополнительный залог не прибавляется к денежному ПВ,Залог и деньги имеют разную природу.,04_CASA_Pro_Client_Profile_Final_Spec_KZ_2026-08-21(2).docx,§9; CP-021,BOUNDARY,P0,CRITICAL,ADDITIONAL_COLLATERAL,Сохранён отдельно; не входит в declared/verified/available cash totals.,,NOT_TESTED,,,,,,,,,,RG6;RG8,
CP-024,1.0,05 Client Profile,Доступность ПВ,Будущий источник не считается доступным сейчас,Дата доступности влияет на объективную сумму.,04_CASA_Pro_Client_Profile_Final_Spec_KZ_2026-08-21(2).docx,§9; CP-024–CP-025,BOUNDARY,P1,HIGH,available_date after snapshot / restricted source,Future source → future_available_total; restricted/unavailable не входит в usable total.,,NOT_TESTED,,,,,,,,,,RG6,
CP-026,1.0,05 Client Profile,Кредиты,Кредиты из published Credit History read-only и не дублируются,Ручной повторный ввод создаёт двойную нагрузку.,04_CASA_Pro_Client_Profile_Final_Spec_KZ_2026-08-21(2).docx,§12; CP-026,INTEGRATION,P0,CRITICAL,Published CH snapshot,Раздел кредитов read-only с source link; manual duplicate entry отсутствует; non-credit commitment отдельно.,,NOT_TESTED,,,,,,,,,,RG6;RG11,
CP-028,1.0,05 Client Profile,Обязательства,UNKNOWN obligation не становится нулём,Неизвестная сумма обязательства может изменить расчёт.,04_CASA_Pro_Client_Profile_Final_Spec_KZ_2026-08-21(2).docx,§10/§11; CP-028,BOUNDARY,P0,CRITICAL,Non-credit commitment amount unknown,UNKNOWN status/amount=null; не 0; quality/missing reason видимы.,,NOT_TESTED,,,,,,,,,,RG6;RG8,
CP-029,1.0,05 Client Profile,Версионность,Изменение upstream snapshot требует rebuild профиля,Профиль не должен ссылаться на устаревшие кредиты/пенсионные.,04_CASA_Pro_Client_Profile_Final_Spec_KZ_2026-08-21(2).docx,§11/§14; CP-029,INTEGRATION,P0,CRITICAL,Новый Credit History snapshot,Старый profile snapshot SUPERSEDED/NEEDS_REBUILD; новая версия использует новый snapshot_id/hash.,,NOT_TESTED,,,,,,,,,,RG6;RG11,
CP-030,1.0,05 Client Profile,Correction,Исправление verified field создаёт revision с аудитом,Исходный факт нельзя стирать.,04_CASA_Pro_Client_Profile_Final_Spec_KZ_2026-08-21(2).docx,§11; CP-030,AUDIT,P0,CRITICAL,Broker edits verified amount,New revision + actor/reason/time/evidence; source fact preserved; dependent completeness recalculated.,,NOT_TESTED,,,,,,,,,,RG6;RG7;RG11,
CP-031,1.0,05 Client Profile,Конфликт источников,Конфликт не разрешается системой молча,Скрытый приоритет может выбрать неверный факт.,00_CASA_Pro_MASTER_v1.2.docx; 04_CASA_Pro_Client_Profile_Final_Spec_KZ_2026-08-21(2).docx,MASTER §13; CP §2/§11; CP-031,NEGATIVE,P0,CRITICAL,Два источника дают разные значения,field status=CONFLICT; оба facts/dates/evidence видимы; требуется review; winner не выбран автоматически.,,NOT_TESTED,,,,,,,,,,RG6;RG8,
CP-032,1.0,05 Client Profile,Completeness,Неполный профиль сохраняет явные UNKNOWN без зелёного банковского результата,Недостаток данных нельзя скрывать.,04_CASA_Pro_Client_Profile_Final_Spec_KZ_2026-08-21(2).docx,§13; CP-032,BOUNDARY,P0,CRITICAL,Missing optional/required values with reason,Publish только по gate policy; unknown_fields/reasons сохранены; никаких bank verdicts.,,NOT_TESTED,,,,,,,,,,RG6;RG8,
CP-033,1.0,05 Client Profile,Tenant isolation,Другой tenant не читает профиль,Client profile содержит чувствительные финансовые данные.,04_CASA_Pro_Client_Profile_Final_Spec_KZ_2026-08-21(2).docx,§17; CP-033,SECURITY,P0,CRITICAL,Cross-tenant profile request,403/RLS без утечки данных/существования; audit recorded.,,NOT_TESTED,,,,,,,,,,RG6;RG12,
CP-034,1.0,05 Client Profile,Snapshot,Client Profile snapshot immutable и replayable,Downstream должен получать стабильный подтверждаемый профиль.,04_CASA_Pro_Client_Profile_Final_Spec_KZ_2026-08-21(2).docx,§14; CP-034,AUDIT,P0,CRITICAL,Published profile snapshot,"Immutable payload; snapshot_id/hash; replay воспроизводит participants, sources, statuses и quality.",,NOT_TESTED,,,,,,,,,,RG6;RG11,
AT-CP-UI-001,1.0,05 Client Profile,UX provenance,Источник каждого автозаполненного значения доступен,"Брокер должен понимать, откуда взялись ИИН, кредит и пенсионный факт.",00_CASA_Pro_MASTER_v1.2.docx; 04_CASA_Pro_Client_Profile_Final_Spec_KZ_2026-08-21(2).docx,MASTER §13/§18; CP §2/§15,UX,P0,CRITICAL,Autofilled IIN/CH/Pension facts,Source badge + date/quality + «посмотреть доказательство»; auto field read-only до correction mode.,,NOT_TESTED,,,,,,,,,,RG6;RG7;RG9,
AT-CP-SUITE-001,1.0,05 Client Profile,Regression suite,CP-001…CP-035 и CPG-01…CPG-08 трассируются и выполняются,Definition of Done требует полный набор сценариев профиля.,04_CASA_Pro_Client_Profile_Final_Spec_KZ_2026-08-21(2).docx,§13/§17–19; CP-001–CP-035; CPG-01–CPG-08,REGRESSION,P0,CRITICAL,Client Profile regression suite,Все применимые CP tests PASS; source data не дублируются; bank acceptance/verdict отсутствуют.,,NOT_TESTED,,,,,,,,,,RG6;RG12,
AT-CALC-001,1.0,06 Financial Calculations,Каталог формул,Для каждого показателя утверждена точная формула,Без формулы результат нельзя воспроизвести.,00_CASA_Pro_MASTER_v1.2.docx,§7 модуль 06; §20; §21 п.10; §23 C-07,CALCULATION,P0,CRITICAL,CALCULATION_SPEC_REQUIRED,Утверждённый Calculation Engine Spec/каталог формул; exact expression и formula_version для каждого показателя.,,BLOCKED,,,,,,,,,Точная формула/actual не заполняются в этой матрице.,RG10;RG11;RG12,CALCULATION_SPEC_REQUIRED
AT-CALC-002,1.0,06 Financial Calculations,Входные поля,Для каждой формулы утверждён список допустимых входов,Нельзя подставлять данные по догадке.,00_CASA_Pro_MASTER_v1.2.docx,§7 модуль 06; §20; §21 п.10; §23 C-07,CALCULATION,P0,CRITICAL,CALCULATION_SPEC_REQUIRED,"Input paths, типы, nullable/presence semantics и обязательность определены.",,BLOCKED,,,,,,,,,Точная формула/actual не заполняются в этой матрице.,RG10;RG11;RG12,CALCULATION_SPEC_REQUIRED
AT-CALC-003,1.0,06 Financial Calculations,Происхождение входов,Каждый расчёт хранит source snapshot IDs/hash,Расчёт должен вести к подтверждённому факту.,00_CASA_Pro_MASTER_v1.2.docx,§7 модуль 06; §20; §21 п.10; §23 C-07,CALCULATION,P0,CRITICAL,CALCULATION_SPEC_REQUIRED,"В результате есть exact input IDs, source, status и evidence references.",,BLOCKED,,,,,,,,,Точная формула/actual не заполняются в этой матрице.,RG10;RG11;RG12,CALCULATION_SPEC_REQUIRED
AT-CALC-004,1.0,06 Financial Calculations,UNKNOWN,Утверждена работа формул с UNKNOWN/blank/zero/NA,Неизвестность не должна становиться нулём.,00_CASA_Pro_MASTER_v1.2.docx,§7 модуль 06; §20; §21 п.10; §23 C-07,CALCULATION,P0,CRITICAL,CALCULATION_SPEC_REQUIRED,Для каждого состояния определён result/status/block reason; no silent partial sum.,,BLOCKED,,,,,,,,,Точная формула/actual не заполняются в этой матрице.,RG10;RG11;RG12,CALCULATION_SPEC_REQUIRED
AT-CALC-005,1.0,06 Financial Calculations,Округление,Утверждены точность и правила округления,Разные округления дают разные результаты.,00_CASA_Pro_MASTER_v1.2.docx,§7 модуль 06; §20; §21 п.10; §23 C-07,CALCULATION,P0,CRITICAL,CALCULATION_SPEC_REQUIRED,"Decimal precision, rounding mode и stage каждого округления зафиксированы.",,BLOCKED,,,,,,,,,Точная формула/actual не заполняются в этой матрице.,RG10;RG11;RG12,CALCULATION_SPEC_REQUIRED
AT-CALC-006,1.0,06 Financial Calculations,Единицы и валюты,Утверждены единицы измерения и currency behavior,Нельзя суммировать несовместимые величины.,00_CASA_Pro_MASTER_v1.2.docx,§7 модуль 06; §20; §21 п.10; §23 C-07,CALCULATION,P0,CRITICAL,CALCULATION_SPEC_REQUIRED,Units/currency map и запрет неутверждённой конвертации определены.,,BLOCKED,,,,,,,,,Точная формула/actual не заполняются в этой матрице.,RG10;RG11;RG12,CALCULATION_SPEC_REQUIRED
AT-CALC-007,1.0,06 Financial Calculations,Версионность,Каждая формула имеет version_id и effective context,Старые snapshots должны воспроизводиться.,00_CASA_Pro_MASTER_v1.2.docx,§7 модуль 06; §20; §21 п.10; §23 C-07,CALCULATION,P0,CRITICAL,CALCULATION_SPEC_REQUIRED,formula_version/effective_from/to и migration policy утверждены.,,BLOCKED,,,,,,,,,Точная формула/actual не заполняются в этой матрице.,RG10;RG11;RG12,CALCULATION_SPEC_REQUIRED
AT-CALC-008,1.0,06 Financial Calculations,Эталоны,Есть positive/negative/boundary regression cases,Экран не доказывает правильность математики.,00_CASA_Pro_MASTER_v1.2.docx,§7 модуль 06; §20; §21 п.10; §23 C-07,CALCULATION,P0,CRITICAL,CALCULATION_SPEC_REQUIRED,Для каждой формулы утверждены fixtures и exact expected outputs.,,BLOCKED,,,,,,,,,Точная формула/actual не заполняются в этой матрице.,RG10;RG11;RG12,CALCULATION_SPEC_REQUIRED
AT-CALC-009,1.0,06 Financial Calculations,Ошибки,Деление на ноль и недопустимые входы безопасны,Техническая ошибка не должна стать числом.,00_CASA_Pro_MASTER_v1.2.docx,§7 модуль 06; §20; §21 п.10; §23 C-07,CALCULATION,P0,CRITICAL,CALCULATION_SPEC_REQUIRED,Результат UNKNOWN/BLOCKED с human-readable reason; no NaN/Infinity.,,BLOCKED,,,,,,,,,Точная формула/actual не заполняются в этой матрице.,RG10;RG11;RG12,CALCULATION_SPEC_REQUIRED
AT-CALC-010,1.0,06 Financial Calculations,Граница CASA/банк,Нейтральные CASA показатели отделены от bank-specific calculations,"Банковские правила относятся к 1.1, не к 1.0.",00_CASA_Pro_MASTER_v1.2.docx,§7 модуль 06; §20; §21 п.10; §23 C-07,CALCULATION,P0,CRITICAL,CALCULATION_SPEC_REQUIRED,Каталог явно помечает CASA-neutral outputs; bank-specific calculations отсутствуют в 1.0.,,BLOCKED,,,,,,,,,Точная формула/actual не заполняются в этой матрице.,RG10;RG11;RG12,CALCULATION_SPEC_REQUIRED
AT-CALC-011,1.0,06 Financial Calculations,ИИ,ИИ не меняет формулы и результаты,Объяснение не должно влиять на математику.,00_CASA_Pro_MASTER_v1.2.docx,§7 модуль 06; §20; §21 п.10; §23 C-07,CALCULATION,P0,CRITICAL,CALCULATION_SPEC_REQUIRED,Calculation path детерминирован; AI только объясняет готовый confirmed result.,,BLOCKED,,,,,,,,,Точная формула/actual не заполняются в этой матрице.,RG10;RG11;RG12,CALCULATION_SPEC_REQUIRED
AT-CALC-012,1.0,06 Financial Calculations,Snapshot,Расчётный snapshot immutable и replayable,E2E release gate требует воспроизводимый расчёт.,00_CASA_Pro_MASTER_v1.2.docx,§7 модуль 06; §20; §21 п.10; §23 C-07,CALCULATION,P0,CRITICAL,CALCULATION_SPEC_REQUIRED,"Snapshot хранит inputs, formula versions, outputs, UNKNOWN/blockers и hash replay.",,BLOCKED,,,,,,,,,Точная формула/actual не заполняются в этой матрице.,RG10;RG11;RG12,CALCULATION_SPEC_REQUIRED
AT-E2E-001,1.0,07 Cross-module / End-to-End,Вертикальный срез,Один кейс проходит путь клиент→два PDF→подтверждение→профиль→расчётный snapshot,"Релиз 1.0 принимается сквозным результатом, а не отдельными экранами.",00_CASA_Pro_MASTER_v1.2.docx,§6 шаги 1–8; §20 ворота 1.0; §21 п.11,INTEGRATION,P0,CRITICAL,FX-E2E-CASE-001 (подготовить),Все объекты связаны одним case/participants; подтверждённые snapshots созданы; calculation snapshot воспроизводим.,,BLOCKED,,,,,,,,,Блокируется отсутствием утверждённой Calculation Engine Spec.,RG11;RG12,CALCULATION_SPEC_REQUIRED
AT-E2E-002,1.0,07 Cross-module / End-to-End,Связи данных,"Client Profile использует published snapshots, а не перечитывает PDF",Модульные контракты должны быть устойчивыми и воспроизводимыми.,00_CASA_Pro_MASTER_v1.2.docx; 04_CASA_Pro_Client_Profile_Final_Spec_KZ_2026-08-21(2).docx,MASTER §7 модуль 05; CP §1.2/§14; CP-035,INTEGRATION,P0,CRITICAL,Published CH + Pension snapshots,Profile хранит snapshot IDs/hash/quality; raw PDFs не читаются повторно.,,NOT_TESTED,,,,,,,,,,RG6;RG11,
AT-E2E-003,1.0,07 Cross-module / End-to-End,Пропагация UNKNOWN,UNKNOWN сохраняется между модулями,Downstream не должен превращать неизвестность в 0/false/clean.,00_CASA_Pro_MASTER_v1.2.docx,§8; §20 ворота 1.0,INTEGRATION,P0,CRITICAL,UNKNOWN CH balance / pension coverage / profile income,UNKNOWN + reason проходит в profile/calculation blockers; точный downstream output не публикуется.,,NOT_TESTED,,,,,,,,,,RG8;RG11,
AT-E2E-004,1.0,07 Cross-module / End-to-End,Correction propagation,Исправление критичного факта инвалидирует зависимые snapshots,Старый расчёт не должен выглядеть актуальным после correction.,00_CASA_Pro_MASTER_v1.2.docx; 2. CASA_Pro_Credit_History_Engine_Final_Spec_KZ_2026-08-21(4).docx; 03_CASA_Pro_Pension_Contribution_Engine_Final_Spec_KZ_2026-08-21(5).docx; 04_CASA_Pro_Client_Profile_Final_Spec_KZ_2026-08-21(2).docx,MASTER §8–9; CH §13.2; Pension §6; CP §11,INTEGRATION,P0,CRITICAL,Correction amount/current DPD/month,Новая reviewed revision; dependent profiles/snapshots marked superseded/needs rebuild; старые остаются immutable.,,NOT_TESTED,,,,,,,,,,RG7;RG11,
AT-E2E-005,1.0,07 Cross-module / End-to-End,Provenance chain,Итоговая цифра трассируется до документа/страницы/фрагмента,CEO и QA должны доказать происхождение результата.,00_CASA_Pro_MASTER_v1.2.docx,§8–9; §19,AUDIT,P0,CRITICAL,Current outstanding / pension total,Result → formula/profile version → input IDs → source record → page/crop/evidence.,,NOT_TESTED,,,,,,,,,,RG7;RG11,
AT-E2E-006,1.0,07 Cross-module / End-to-End,Версионность,Замена одного PDF не переписывает предыдущий кейс snapshot,Повторная проверка должна быть сравнима с прошлой.,00_CASA_Pro_MASTER_v1.2.docx,§8; §20 ворота 1.0,AUDIT,P1,HIGH,Replace CH or Pension PDF,Новая document/snapshot chain; прежняя read-only; exact versions видимы.,,NOT_TESTED,,,,,,,,,,RG11,
AT-E2E-007,1.0,07 Cross-module / End-to-End,Разделение уровней,"Source fact, CASA calculation и пользовательский status не перезаписывают друг друга","Иначе невозможно понять, что пришло из документа и что вычислено.",00_CASA_Pro_MASTER_v1.2.docx,§8,DATA,P0,CRITICAL,Fact + derived profile + blocker,Отдельные entities/fields/versions; derived value не меняет source fact; bank rule отсутствует.,,NOT_TESTED,,,,,,,,,,RG8;RG11,
AT-E2E-008,1.0,07 Cross-module / End-to-End,Scope boundary,Bank Rules Standard/Bank Rules Packs не являются зависимостью PASS 1.0,Банковские правила относятся к релизу 1.1.,00_CASA_Pro_MASTER_v1.2.docx; 05_CASA_Pro_Bank_Rules_Standard_Final_Spec_KZ_2026-08-21.docx,MASTER §20/§23 C-06; Bank Rules §1,INTEGRATION,P0,CRITICAL,Release 1.0 without Bank Rules Packs,Путь 1.0 завершается нейтральным profile/calculation snapshot; нет требования program verdict или конкретных банков.,,NOT_TESTED,,,,,,,,,,RG11,
AT-E2E-009,1.0,07 Cross-module / End-to-End,Scope boundary,В сквозном кейсе нет недвижимости и сделочного слоя,Текущий MVP независим от базы объектов CASA.,00_CASA_Pro_MASTER_v1.2.docx,§5; §20,NEGATIVE,P0,CRITICAL,Нулевая база недвижимости,"Кейс 1.0 работает без застройщиков, ЖК, квартир, CASA Match, фиксаций, броней, сделок и комиссий.",,NOT_TESTED,,,,,,,,,,RG11,
AT-E2E-010,1.0,07 Cross-module / End-to-End,Ошибки,Ошибка одного этапа не создаёт ложный downstream snapshot,Partial processing не должно выглядеть завершённым.,00_CASA_Pro_MASTER_v1.2.docx,§9/§19,NEGATIVE,P0,CRITICAL,Missing page / reconciliation failure / subject mismatch,Затронутый publish blocked; понятная причина и действие; ранее подтверждённые модули не искажаются.,,NOT_TESTED,,,,,,,,,,RG11;RG12,
AT-E2E-011,1.0,07 Cross-module / End-to-End,Audit chain,Сквозной аудит связывает actor и версии на каждом шаге,"Приёмка требует доказательства, кто и что подтвердил.",00_CASA_Pro_MASTER_v1.2.docx,§7 модуль 01; §8/§19,AUDIT,P1,HIGH,Complete E2E case,"Upload/parse/review/correction/publish/rebuild events связаны case_id, participant_id, object versions и actor/time.",,NOT_TESTED,,,,,,,,,,RG11,
AT-USA-001,1.0,08 UX / Security / Audit,Пользовательский язык,Внутренние enum/error codes не являются основным сообщением,Брокер должен понимать проблему и действие без технической расшифровки.,00_CASA_Pro_MASTER_v1.2.docx,§18 перевод кодов,UX,P0,CRITICAL,"MANUAL_REVIEW_REQUIRED, SOURCE_UNAVAILABLE, RECONCILIATION_FAILED",Показан понятный русский текст и действие; код доступен только в технических деталях.,,NOT_TESTED,,,,,,,,,,RG9,
AT-USA-002,1.0,08 UX / Security / Audit,Evidence UX,"У критичного значения видны источник, страница и фрагмент",Подтверждение без evidence субъективно.,00_CASA_Pro_MASTER_v1.2.docx,§9/§18,UX,P0,CRITICAL,Critical amount/date/current DPD,"Document name, page, highlighted crop и open PDF action доступны; quality объяснено текстом.",,NOT_TESTED,,,,,,,,,,RG7;RG9,
AT-USA-003,1.0,08 UX / Security / Audit,Correction UX,Подтверждение/исправление требует причины и оставляет audit,Нельзя молча перезаписывать распознанный факт.,00_CASA_Pro_MASTER_v1.2.docx,§8–9/§19,AUDIT,P0,CRITICAL,Correct critical field,Confirm или Correct; correction reason обязательна; actor/time/before/after/evidence сохранены.,,NOT_TESTED,,,,,,,,,,RG7;RG9,
AT-USA-004,1.0,08 UX / Security / Audit,Статусы,"Статус понятен текстом, не только цветом",Цвет не должен быть единственным носителем смысла.,00_CASA_Pro_MASTER_v1.2.docx; 1. CASA_Pro_IIN_Check_Final_Spec_KZ_2026-08-21(2).docx; 2. CASA_Pro_Credit_History_Engine_Final_Spec_KZ_2026-08-21(4).docx,MASTER §18; IIN T-045; CH §21.4,UX,P1,HIGH,Contrast/color-disabled mode,Status label + icon/text; PASS/FAIL/BLOCKED/unknown различимы без цвета.,,NOT_TESTED,,,,,,,,,,RG9,
AT-USA-005,1.0,08 UX / Security / Audit,Запрещённые обещания,Нет банковского одобрения/отказа и CASA score в релизе 1.0,Нет Bank Rules Packs и официального решения банка.,00_CASA_Pro_MASTER_v1.2.docx,§3/§18/§20,UX,P0,CRITICAL,Все экраны/exports 1.0,"Нет «банк одобрит/откажет», official scoring, eligibility или bank verdict; только нейтральные facts/quality/calculations.",,NOT_TESTED,,,,,,,,,,RG9;RG12,
AT-USA-006,1.0,08 UX / Security / Audit,Tenant isolation,Object-level authorization проверяется на каждом endpoint,Чужие PDF/снимки/профили не должны быть доступны по ID.,1. CASA_Pro_IIN_Check_Final_Spec_KZ_2026-08-21(2).docx; 2. CASA_Pro_Credit_History_Engine_Final_Spec_KZ_2026-08-21(4).docx; 04_CASA_Pro_Client_Profile_Final_Spec_KZ_2026-08-21(2).docx,IIN T-033; CH §17.1/CH-079–081; CP-033,SECURITY,P0,CRITICAL,Guessed IDs from other tenant,Deny/404 без existence leak; audit recorded; no masked-data leak.,,NOT_TESTED,,,,,,,,,,RG1;RG12,
AT-USA-007,1.0,08 UX / Security / Audit,PII logging,PII и raw document data отсутствуют в telemetry,Логи имеют широкий доступ и длительное хранение.,1. CASA_Pro_IIN_Check_Final_Spec_KZ_2026-08-21(2).docx; 2. CASA_Pro_Credit_History_Engine_Final_Spec_KZ_2026-08-21(4).docx; 03_CASA_Pro_Pension_Contribution_Engine_Final_Spec_KZ_2026-08-21(5).docx,IIN T-032; CH-083; Pension §17 DoD,SECURITY,P0,CRITICAL,"Failed parse, APM, support ticket",Нет полного ИИН/ФИО/contract IDs/raw text/secrets; только безопасные IDs и error categories.,,NOT_TESTED,,,,,,,,,,RG1;RG12,
AT-USA-008,1.0,08 UX / Security / Audit,Шифрование,Чувствительные данные защищены in transit и at rest,Ипотечные документы содержат персональные и финансовые данные.,2. CASA_Pro_Credit_History_Engine_Final_Spec_KZ_2026-08-21(4).docx; 03_CASA_Pro_Pension_Contribution_Engine_Final_Spec_KZ_2026-08-21(5).docx,CH §17.1; Pension наследование §1,SECURITY,P0,CRITICAL,Storage/network configuration evidence,"TLS, encrypted storage и secret/key separation подтверждены артефактами; original/evidence доступ авторизован отдельно.",,NOT_TESTED,,,,,,,,,,RG1;RG12,
AT-USA-009,1.0,08 UX / Security / Audit,Malware isolation,Оригинальные PDF обрабатываются в quarantine/isolation,Активный PDF не должен влиять на рабочую среду.,2. CASA_Pro_Credit_History_Engine_Final_Spec_KZ_2026-08-21(4).docx; 03_CASA_Pro_Pension_Contribution_Engine_Final_Spec_KZ_2026-08-21(5).docx,CH §6.2/§17.1; Pension §3.3,SECURITY,P0,CRITICAL,Malicious/active PDF,"Quarantine, no active execution, secure parser, safe error; event audited.",,NOT_TESTED,,,,,,,,,,RG2;RG12,
AT-USA-010,1.0,08 UX / Security / Audit,Support access,Support access deny-by-default и JIT,Сотрудник поддержки не должен видеть документы без разрешения.,2. CASA_Pro_Credit_History_Engine_Final_Spec_KZ_2026-08-21(4).docx,§17.1; CH-081,SECURITY,P1,HIGH,Support user without/with JIT grant,"Без grant доступа нет; grant имеет approval, TTL, scope и audit.",,NOT_TESTED,,,,,,,,,,RG12,
AT-USA-011,1.0,08 UX / Security / Audit,Retention,Retention/withdrawal/delete behavior управляется versioned policy,Срок бюро нельзя автоматически переносить на CASA.,2. CASA_Pro_Credit_History_Engine_Final_Spec_KZ_2026-08-21(4).docx; 03_CASA_Pro_Pension_Contribution_Engine_Final_Spec_KZ_2026-08-21(5).docx,CH §17.2/CH-087; Pension RG-03,SECURITY,P0,CRITICAL,Consent revoked / deletion request / legal hold,Processing/export restricted; deletion/legal hold следует approved policy с actor/reason/expiry; audit сохранён.,,NOT_TESTED,,,,,,,,,,RG1;RG12,
AT-USA-012,1.0,08 UX / Security / Audit,Audit completeness,"Upload, view, correction, merge/split, export и publish аудируются",DONE требует доказуемой истории критических действий.,2. CASA_Pro_Credit_History_Engine_Final_Spec_KZ_2026-08-21(4).docx,§17.1,AUDIT,P0,CRITICAL,Representative critical actions,Append-only events с actor/time/object/version/reason; audit query воспроизводит цепочку.,,NOT_TESTED,,,,,,,,,,RG11;RG12,
AT-USA-013,1.0,08 UX / Security / Audit,Доступность,Desktop/mobile/keyboard не скрывают критичные действия и статусы,Review должен быть выполним на утверждённых поверхностях.,1. CASA_Pro_IIN_Check_Final_Spec_KZ_2026-08-21(2).docx; 2. CASA_Pro_Credit_History_Engine_Final_Spec_KZ_2026-08-21(4).docx; 03_CASA_Pro_Pension_Contribution_Engine_Final_Spec_KZ_2026-08-21(5).docx; 04_CASA_Pro_Client_Profile_Final_Spec_KZ_2026-08-21(2).docx,IIN T-045–048; CH §21.4; Pension §17; CP RG-CP-07,UX,P2,MEDIUM,Desktop/mobile/keyboard,Coverage/status/CTA/evidence доступны; нет обязательного горизонтального скролла на mobile; keyboard navigation работает.,,NOT_TESTED,,,,,,,,,,RG9,
AT-USA-014,1.0,08 UX / Security / Audit,Объективная приёмка,Экран без данных/ошибок/тестов не получает DONE,"Главный принцип MASTER — DONE доказывается, а не рисуется.",00_CASA_Pro_MASTER_v1.2.docx,§19,AUDIT,P0,CRITICAL,Feature with UI only,"До PASS обязательны fixture, expected/actual, negative/boundary/security tests и evidence; иначе FAIL/BLOCKED/NOT_TESTED.",,NOT_TESTED,,,,,,,,,,RG12,
