task_id,module_id,order_no,task,backend,frontend,data,parser,qa,security,product_or_legal_dependency,priority,source_document,source_section,acceptance_test,release_gate,definition_of_done,status,developer_comment
M01-TASK-001,M01,1,Зафиксировать M01 boundary и feature gates,Middleware/service boundary; production consent channels disabled by default,Показать honest blocked/demo states,Action/purpose registry flags,,No unauthorized side effects,,AT-CC-013 artifact,P0,M01_CASA_Pro_Client_and_Consent_Implementation_and_Acceptance_v1.1,§26 Конкретный список работ Даулету,AT-CC-007/013,,No Client Profile/Calculation/direct API fields or calls,TODO,
M01-TASK-002,M01,2,Создать case ownership model,Idempotent case create/read; tenant ownership,Case reference/status,case_id/tenant/assignment refs,,Unique/cross-case tests,,Нет,P0,M01_CASA_Pro_Client_and_Consent_Implementation_and_Acceptance_v1.1,§26 Конкретный список работ Даулету,AT-CC-001,,Unique case_id; no data mixing,TODO,
M01-TASK-003,M01,3,Создать participant model,CRUD/add with object authorization,Participant list,participant_id/case/role/status,,Multiple participant isolation,,Approved role registry,P0,M01_CASA_Pro_Client_and_Consent_Implementation_and_Acceptance_v1.1,§26 Конкретный список работ Даулету,AT-CC-001/003/014,,Each participant owns identity/consent/docs/snapshots,TODO,
M01-TASK-004,M01,4,Разделить spouse и co-borrower,Separate relation/role; included flag,Distinct labels and CTA,ordinal/relationship revision,,CP-003…005,,CP role enum gate,P0,M01_CASA_Pro_Client_and_Consent_Implementation_and_Acceptance_v1.1,§26 Конкретный список работ Даулету,AT-CC-003/014,,Spouse false until explicit inclusion; separate consent,TODO,
M01-TASK-005,M01,5,Реализовать versioned identity,Create new version; never update critical ID in place,Masked ID + version/change flow,identity_version/supersedes/audit refs,,IIN T-008/replay,,Security storage architecture,P0,M01_CASA_Pro_Client_and_Consent_Implementation_and_Acceptance_v1.1,§26 Конкретный список работ Даулету,AT-CC-008/011/012,,Old results remain on old identity,TODO,
M01-TASK-006,M01,6,Создать consent text artifact registry,Immutable version/hash/status/approval refs,"Display version, not editable legal text",text version/hash/effective approval,,Unknown/unapproved version denied,,Product/Legal exact RU/KZ artifact,P0,M01_CASA_Pro_Client_and_Consent_Implementation_and_Acceptance_v1.1,§26 Конкретный список работ Даулету,AT-CC-002/013,,No ACTIVE production grant without approved artifact,TODO,
M01-TASK-007,M01,7,Создать purpose registry,Exact approved codes; deny unknown; action mapping,Readable grouped scope,Purpose version/module/action allowlist,,Purpose mismatch negatives,,Pension/CP purpose approvals,P0,M01_CASA_Pro_Client_and_Consent_Implementation_and_Acceptance_v1.1,§26 Конкретный список работ Даулету,AT-CC-002/004/007/013,RG-CP-02,Only sourced codes active; OPEN codes disabled,TODO,
M01-TASK-008,M01,8,Создать consent/evidence data model,Participant/identity/text/purpose/status/evidence refs,Consent card details,Immutable grant/evidence/status events,,Evidence absent/invalid,,Approved method/evidence policy,P0,M01_CASA_Pro_Client_and_Consent_Implementation_and_Acceptance_v1.1,§26 Конкретный список работ Даулету,AT-CC-002/003/009/013,,Consent is not boolean; evidence required,TODO,
M01-TASK-009,M01,9,Реализовать lifecycle state machine,Validated transitions; concurrency/idempotency,Human status/CTA,Append-only status history,,Invalid transition matrix,,Lifecycle/term approval,P0,M01_CASA_Pro_Client_and_Consent_Implementation_and_Acceptance_v1.1,§26 Конкретный список работ Даулету,AT-CC-004/005/013,,Expired/revoked/superseded deny new actions,TODO,
M01-TASK-010,M01,10,Создать consent request service,Exact participant/identity/text/purposes; idempotency,Request/pending UI,Request/channel refs,,Double click/wrong participant,,Approved channel,P0,M01_CASA_Pro_Client_and_Consent_Implementation_and_Acceptance_v1.1,§26 Конкретный список работ Даулету,AT-CC-002/003/009,,One request; no accidental SMS claim,TODO,
M01-TASK-011,M01,11,Создать confirmation adapter interface,Internal-only evidence validator; adapters disabled until approved,No broker impersonation,method/version/validator refs,,Unauthorized confirmation test,,AT-CC-013 / OD-001,P0,M01_CASA_Pro_Client_and_Consent_Implementation_and_Acceptance_v1.1,§26 Конкретный список работ Даулету,AT-CC-009/010/013,,Demo fixture isolated; production method approved,TODO,
M01-TASK-012,M01,12,Реализовать consent preflight API,Check tenant/case/participant/identity/purpose/text/status/evidence,Human blocker from deny reason,Decision/audit refs,,All mismatch combinations,,Нет,P0,M01_CASA_Pro_Client_and_Consent_Implementation_and_Acceptance_v1.1,§26 Конкретный список работ Даулету,AT-CC-002…008,,Protected action has no side effect on deny,TODO,
M01-TASK-013,M01,13,Реализовать revoke/supersede,Append-only event; cache invalidation; policy evaluation,Revoke/history/new version CTA,revoked/supersedes/policy refs,,IIN T-037; CH-003/087,,Retention matrix,P0,M01_CASA_Pro_Client_and_Consent_Implementation_and_Acceptance_v1.1,§26 Конкретный список работ Даулету,AT-CC-005/009/013,,New actions blocked; old history unchanged,TODO,
M01-TASK-014,M01,14,Поставить guards перед M02/M03/M04/M05 actions,Central middleware + action-specific purpose mapping,Disabled CTA + explanation,Action registry,,Network/parser/snapshot spy=0,,Purpose approvals,P0,M01_CASA_Pro_Client_and_Consent_Implementation_and_Acceptance_v1.1,§26 Конкретный список работ Даулету,AT-CC-004/007,,No check/upload/parse/refresh/publish before allow,TODO,
M01-TASK-015,M01,15,Сохранить manual PDF boundary,No bureau/ENPF connectors; upload grants only,Explain manual upload,No future API scopes,,Outbound call tests,,Нет,MASTER §5/§11,M01_CASA_Pro_Client_and_Consent_Implementation_and_Acceptance_v1.1,§26 Конкретный список работ Даулету,0 direct bureau/ENPF calls,,,TODO,
M01-TASK-016,M01,16,Запретить credentials,Reject/filter fields; no persistence/logging,Safe human explanation,Schema denylist,,Static/API/log tests,,Нет,IIN §3.1; CH §1.2; Pension §1.2,M01_CASA_Pro_Client_and_Consent_Implementation_and_Acceptance_v1.1,§26 Конкретный список работ Даулету,No password/OTP/ЭЦП/cookie surface,,,TODO,
M01-TASK-017,M01,17,Реализовать tenant/case/participant access guard,RLS/object guard; assignment/action permission,Safe access denied,Ownership/indexes,,Cross-tenant/unassigned/JIT,,Existing RBAC mapping,P0,M01_CASA_Pro_Client_and_Consent_Implementation_and_Acceptance_v1.1,§26 Конкретный список работ Даулету,AT-CC-006,,Deny/404 without existence leak; audit,TODO,
M01-TASK-018,M01,18,Создать append-only audit events,Event append/query; no update/delete API,Redacted history details,actor/action/object/time/reason/version refs,,Mutation/PII tests,,Retention/audit policy,P0,M01_CASA_Pro_Client_and_Consent_Implementation_and_Acceptance_v1.1,§26 Конкретный список работ Даулету,AT-CC-009/011/012,,Critical lifecycle/actions reproducible,TODO,
M01-TASK-019,M01,19,Реализовать PII masking/redaction,Vault/reference; log/export allowlists,Masked identity/phone per policy,PII classification,,IIN T-032/T-044; CH-083,,Masking/retention policy,P0,M01_CASA_Pro_Client_and_Consent_Implementation_and_Acceptance_v1.1,§26 Конкретный список работ Даулету,AT-CC-011,,No full IIN/raw text/secrets in prohibited surfaces,TODO,
M01-TASK-020,M01,20,Собрать Client & Consent card,Aggregate M01 read model,Client/role/masked ID/case/consent/CTA,Read model refs only,,Desktop/mobile/a11y,,Approved human copy,P0,M01_CASA_Pro_Client_and_Consent_Implementation_and_Acceptance_v1.1,§26 Конкретный список работ Даулету,AT-CC-002/008/011/014,,No finance ownership or enum-first UI,TODO,
M01-TASK-021,M01,21,Собрать participants panel,List separate consent/identity states,Role + included + consent for each,No merged row,,Spouse/co-borrower cases,,Role registry,P0,M01_CASA_Pro_Client_and_Consent_Implementation_and_Acceptance_v1.1,§26 Конкретный список работ Даулету,AT-CC-003/014,,Each participant independently actionable,TODO,
M01-TASK-022,M01,22,Исправить demo SMS semantics,Demo action produces no external send; production flag off,Replace misleading SMS claim; keep warning,Demo/prod config split,,Network spy + screenshot regression,,OD-001/AT-CC-013,P0,M01_CASA_Pro_Client_and_Consent_Implementation_and_Acceptance_v1.1,§26 Конкретный список работ Даулету,AT-CC-010/013,,UI and actual side effect agree,TODO,
M01-TASK-023,M01,23,Убрать production broker confirm/decline,Reject broker-origin participant evidence,Controls demo-only,Actor/channel validation,,Impersonation negative,,Approved method,P0,M01_CASA_Pro_Client_and_Consent_Implementation_and_Acceptance_v1.1,§26 Конкретный список работ Даулету,AT-CC-009/013,,Only approved participant channel can confirm,TODO,
M01-TASK-024,M01,24,Разделить M01 и financial summary ownership,M01 contract excludes income/payment/PV/budget,Render finance via M05/global summary only,No finance columns in M01,,Schema/UI ownership test,,Нет,MASTER §13; CP Spec,M01_CASA_Pro_Client_and_Consent_Implementation_and_Acceptance_v1.1,§26 Конкретный список работ Даулету,M01 stays Client & Consent foundation,,,TODO,
M01-TASK-025,M01,25,Собрать AT-CC-001…014 regression suite,"Fixtures, hooks, reports",Golden screenshots/human messages,Synthetic no-PII data,,All positive/negative/boundary,,AT-CC-013 remains open until artifact,P0,M01_CASA_Pro_Client_and_Consent_Implementation_and_Acceptance_v1.1,§26 Конкретный список работ Даулету,AT-CC-001…014,,No Expected changed; objective result reported,TODO,
M01-TASK-026,M01,26,Собрать end-to-end M01 fixture,Case→participants→identity→grant→preflight→revoke,All UI states,Immutable refs/hash,,Replay and downstream spies,,Synthetic approved test artifact,P1,M01_CASA_Pro_Client_and_Consent_Implementation_and_Acceptance_v1.1,§26 Конкретный список работ Даулету,AT-CC-001…012/014,RG1|RG11,Engineering flow passes without real client data,TODO,
M02-TASK-001,M02,1,Зафиксировать R0 feature boundary,All external connectors false; deny-by-default evaluator,Показывать разрешённый путь,Manifest flags,,Network spy=0 production calls,,,P0,M02_CASA_Pro_IIN_Check_R0_Implementation_and_Acceptance_v1.0,§23 Конкретный список работ Даулету,AT-IIN-003/020,,R0 fully works with no external endpoints; future tests N/A.,TODO,
M02-TASK-002,M02,2,Создать versioned external_source_registry,CRUD/admin read; immutable versions,"Admin details, broker human mode",Owner/URL/mode/legal/access/allowlist/TTL/fallback/no-match,,Registry fixture,,,P0,M02_CASA_Pro_IIN_Check_R0_Implementation_and_Acceptance_v1.0,§23 Конкретный список работ Даулету,AT-IIN-001/002,,Every Manifest v1 source/check has required metadata.,TODO,
M02-TASK-003,M02,3,Зафиксировать frozen Manifest v1 в batch,manifest_version + active required checks,Показать состав/coverage,7 base check_types; conditionals explicit,,Denominator tests,,,P0,M02_CASA_Pro_IIN_Check_R0_Implementation_and_Acceptance_v1.0,§23 Конкретный список работ Даулету,AT-IIN-001/007/008,,"Coverage uses frozen active manifest, not live registry drift.",TODO,
M02-TASK-004,M02,4,Реализовать ИИН validation,12 digits + check digit before route,Human validation message,No DOB/gender inference,,T-001/T-002,,,P0,M02_CASA_Pro_IIN_Check_R0_Implementation_and_Acceptance_v1.0,§23 Конкретный список работ Даулету,AT-IIN-013,,Invalid → 0 calls; attributes not inferred.,TODO,
M02-TASK-005,M02,5,Привязать identity version,borrower_id/identity_version/tenant/case,Masked identity,Old batch immutable,,T-007/T-008,,,P0,M02_CASA_Pro_IIN_Check_R0_Implementation_and_Acceptance_v1.0,§23 Конкретный список работ Даулету,AT-IIN-013/018,,New IIN version creates new batch; no cross-subject reuse.,TODO,
M02-TASK-006,M02,6,Реализовать consent purpose/manifest gate,Active participant consent; revoke/expiry,Request consent/block text,consent_id/version,,T-003/T-004/T-037,,,P0,M02_CASA_Pro_IIN_Check_R0_Implementation_and_Acceptance_v1.0,§23 Конкретный список работ Даулету,AT-IIN-004/018,,No route without exact purpose; participant separation.,TODO,
M02-TASK-007,M02,7,Создать client_check_batch,"Immutable batch, actor/time, idempotency",Progress + counts,manifest/consent snapshot,,T-027/T-028,,,P0,M02_CASA_Pro_IIN_Check_R0_Implementation_and_Acceptance_v1.0,§23 Конкретный список работ Даулету,AT-IIN-014/015,,One key→one batch; refresh is new version.,TODO,
M02-TASK-008,M02,8,Создать per-check client_check_result,One source×check_type; status/outcome split,One source card,Enums/invariants,,T-017–019,,,P0,M02_CASA_Pro_IIN_Check_R0_Implementation_and_Acceptance_v1.0,§23 Конкретный список работ Даулету,AT-IIN-011/012/016,,0/null/empty/unknown/error remain distinct.,TODO,
M02-TASK-009,M02,9,Создать immutable client_check_fact,Allowlisted facts + source linkage,Neutral fact rows,Source-specific schemas,,T-011/T-012/T-035,,,P0,M02_CASA_Pro_IIN_Check_R0_Implementation_and_Acceptance_v1.0,§23 Конкретный список работ Даулету,AT-IIN-010/017,,Multiple facts preserved; no third-party IIN.,TODO,
M02-TASK-010,M02,10,Реализовать manual_check_task,Official URL/instruction/assignee/dates/outcome/evidence/audit,Open service + confirm form,No IIN in URL,,T-013/T-014/T-031/T-034,,,P0,M02_CASA_Pro_IIN_Check_R0_Implementation_and_Acceptance_v1.0,§23 Конкретный список работ Даулету,AT-IIN-005/009/010,,Evidence required; expired task incomplete/stale.,TODO,
M02-TASK-011,M02,11,Запретить CAPTCHA/credentials automation,No headless/solver/password/OTP/EDS/cookies,Manual guidance only,N/A,,Static/security tests,,,P0,M02_CASA_Pro_IIN_Check_R0_Implementation_and_Acceptance_v1.0,§23 Конкретный список работ Даулету,AT-IIN-009/018,,No prohibited mechanism in code/config/logs.,TODO,
M02-TASK-012,M02,12,Реализовать strict NOT_FOUND mapper,Source-specific contract only,Human not-found per source,AIS SCSE001 sample only; HTTP not shortcut,,T-009/T-010/T-015–019,,,P0,M02_CASA_Pro_IIN_Check_R0_Implementation_and_Acceptance_v1.0,§23 Конкретный список работ Даулету,AT-IIN-006/008/011/012,,403/404/timeout/schema/manual pending never not_found.,TODO,
M02-TASK-013,M02,13,Реализовать coverage engine,Counts + overall state guards,Coverage summary first,Required/conditional rules,,T-023–026/T-048,,,P0,M02_CASA_Pro_IIN_Check_R0_Implementation_and_Acceptance_v1.0,§23 Конкретный список работ Даулету,AT-IIN-006–008,,Complete only all mandatory fresh valid results.,TODO,
M02-TASK-014,M02,14,Добавить freshness,checked_at/as_of/fresh_until/TTL version,"Dates, age, refresh CTA",Explicit UNKNOWN allowed,,T-026/T-031,,,P0,M02_CASA_Pro_IIN_Check_R0_Implementation_and_Acceptance_v1.0,§23 Конкретный список работ Даулету,AT-IIN-010/015/016,,Stale historical; new superseding result on refresh.,TODO,
M02-TASK-015,M02,15,Добавить evidence/provenance,Hash/reference/versions/actor/consent/retention,Open evidence/status,Raw default off,,T-014/T-030/T-036,,,P0,M02_CASA_Pro_IIN_Check_R0_Implementation_and_Acceptance_v1.0,§23 Конкретный список работ Даулету,AT-IIN-005/010,,Every completed result reproducible; evidence errors incomplete.,TODO,
M02-TASK-016,M02,16,Собрать source cards,Batch/results endpoint,Owner/channel/status/outcome/dates/facts/evidence/CTA,Human mapping,,Desktop/mobile/a11y,,,P0,M02_CASA_Pro_IIN_Check_R0_Implementation_and_Acceptance_v1.0,§23 Конкретный список работ Даулету,AT-IIN-016/019,,All states text+icon; mobile stacked; one primary CTA.,TODO,
M02-TASK-017,M02,17,Заменить общий green no-records,Guarded overall status,Partial/no-records exact text,No bypass enum,,Regression current UI,,,P0,M02_CASA_Pro_IIN_Check_R0_Implementation_and_Acceptance_v1.0,§23 Конкретный список работ Даулету,AT-IIN-006–008,,No clean label unless complete proven negatives.,TODO,
M02-TASK-018,M02,18,Добавить fact≠bank disclaimer,No bank_verdict fields,Visible on summary/found card,Derived layer separate,,T-040–T-043,,,P0,M02_CASA_Pro_IIN_Check_R0_Implementation_and_Acceptance_v1.0,§23 Конкретный список работ Даулету,AT-IIN-017,,Found fact never auto red/decline/score.,TODO,
M02-TASK-019,M02,19,Защитить ИИН и secrets,Vault/mask/HMAC/log redaction/secret refs,Safe errors,No raw/third-party data,,T-032/T-034–036/T-044,,,P0,M02_CASA_Pro_IIN_Check_R0_Implementation_and_Acceptance_v1.0,§23 Конкретный список работ Даулету,AT-IIN-018/019,,No IIN/token/raw in telemetry/URL/client output.,TODO,
M02-TASK-020,M02,20,Обеспечить tenant/RBAC/audit,Ownership checks; actor/reason/version events,Access denied safely,Tenant keys,,T-033/T-037–039,,,P0,M02_CASA_Pro_IIN_Check_R0_Implementation_and_Acceptance_v1.0,§23 Конкретный список работ Даулету,AT-IIN-018/019,,Cross-tenant denied without existence leak; actions audited.,TODO,
M02-TASK-021,M02,21,Добавить retry/schema quarantine,Retryable categories/backoff; quarantine drift,Retry/review CTA,Unknown enum preserved,,T-029/T-030,,,P1,M02_CASA_Pro_IIN_Check_R0_Implementation_and_Acceptance_v1.0,§23 Конкретный список работ Даулету,AT-IIN-006/011/019,,No busy loop; no false fact; evidence reference for review.,TODO,
M02-TASK-022,M02,22,Собрать FX-IIN-R0-001,Synthetic registry/results/tasks,All UI states,"NO_PII, no real API output",,AT-IIN full suite,,,P0,M02_CASA_Pro_IIN_Check_R0_Implementation_and_Acceptance_v1.0,§23 Конкретный список работ Даулету,AT-IIN-001–020,,"Fixture proves partial≠clean, unavailable≠not_found, connectors off.",TODO,
M02-TASK-023,M02,23,Прогнать traceability/release evidence,Stable hooks/test report,Screenshots/accessibility evidence,T applicability map,,RG5 + related gates,,,P0,M02_CASA_Pro_IIN_Check_R0_Implementation_and_Acceptance_v1.0,§23 Конкретный список работ Даулету,AT-IIN-019/020,RG5,Applicable R0 tests PASS; future API tests N/A; no critical FAIL.,TODO,
M03-TASK-001,M03,1,Consent/ACL upload grant для exact tenant/case/participant/type,Да,Состояния/ошибки,—,—,QA,,,P0,M03_CASA_Pro_Credit_History_Implementation_and_Acceptance_v1.1,§22 Конкретный список работ,CH-001,,Grant одноразовый; чужой scope denied; audit.,TODO,
M03-TASK-002,M03,2,"Quarantine, SHA-256, MIME/magic, password, malware, active content, pages",Да,Понятные ошибки,Да,Да,QA,,,P0,M03_CASA_Pro_Credit_History_Implementation_and_Acceptance_v1.1,§22 Конкретный список работ,CH-005–009,,Parser не получает опасный/невалидный файл; original immutable.,TODO,
M03-TASK-003,M03,3,"Document versioning, exact duplicate, supersede, parse-run version",Да,Версии read-only,—,—,QA,,,P0,M03_CASA_Pro_Credit_History_Implementation_and_Acceptance_v1.1,§22 Конкретный список работ,CH-009/010/085,,Новая версия не стирает старую; replay работает.,TODO,
M03-TASK-004,M03,4,Fingerprint issuer/kind/template + page map + missing/order check,Да,Шапка/status,Да,Да,QA,,,P0,M03_CASA_Pro_Credit_History_Implementation_and_Acceptance_v1.1,§22 Конкретный список работ,CH-011–017,,"Для PKO.pdf: FCB/FULL_PERSONAL, 08.08.2026 09:51:38, pages 29 и sequence 1…29; UI не показывает 2.",TODO,
M03-TASK-005,M03,5,Text-first + selective OCR + page/bbox/crop/evidence hash,Да,Evidence viewer,Да,Да,QA,,,P0,M03_CASA_Pro_Credit_History_Implementation_and_Acceptance_v1.1,§22 Конкретный список работ,CH-021–023; AT-CH-UX-002,,У каждого critical fact видны source/page/crop/raw/parsed/confidence; один переход открывает нужный фрагмент.,TODO,
M03-TASK-006,M03,6,Presence model: zero/UNKNOWN/blank/unreadable/N/A/not-in-template,Да,Человеческие метки,Да,Да,QA,,,P0,M03_CASA_Pro_Credit_History_Implementation_and_Acceptance_v1.1,§22 Конкретный список работ,CH-026; RG8,RG8,Нет скрытой подмены; affected totals UNKNOWN.,TODO,
M03-TASK-007,M03,7,Immutable source contract records со всеми core fields,Да,Record details,Да,Да,QA,,,P0,M03_CASA_Pro_Credit_History_Implementation_and_Acceptance_v1.1,§22 Конкретный список работ,AT-CH-SUITE-01,,Raw/normalized/evidence/version сохранены.,TODO,
M03-TASK-008,M03,8,"Разнести phase, event, role; current_dpd и lifetime/monthly DPD",Да,Раздельные подписи,Да,Да,QA,,,P0,M03_CASA_Pro_Credit_History_Implementation_and_Acceptance_v1.1,§22 Конкретный список работ,CH-053; AT-CH-BUG-001,,Schema/API/UI не используют одно поле для current/history.,TODO,
M03-TASK-009,M03,9,Lineage graph и deterministic links; fuzzy не merge,Да,Review candidate,Да,Да,QA,,,P0,M03_CASA_Pro_Credit_History_Implementation_and_Acceptance_v1.1,§22 Конкретный список работ,CH-041/042/046/047,,Source records целы; решения обратимы/аудируемы.,TODO,
M03-TASK-010,M03,10,Current node algorithm с assignment direction и phase,Да,Task при ambiguity,Да,Да,QA,,,P0,M03_CASA_Pro_Credit_History_Implementation_and_Acceptance_v1.1,§22 Конкретный список работ,CH-042–048,,Predecessor исключён; ambiguity блокирует total.,TODO,
M03-TASK-011,M03,11,current_debt_profile по canonical lineages и валютам,Да,Current card/table,Да,Да,QA,,,P0,M03_CASA_Pro_Credit_History_Implementation_and_Acceptance_v1.1,§22 Конкретный список работ,CH-031–040; AT-CH-BUG-001,,"UI/API: active=3; balance=4 737 798,64; payments=211 711,02; current delinquency count/max=0/0; critical unknown → UNKNOWN.",TODO,
M03-TASK-012,M03,12,historical_credit_profile без влияния на current,Да,History card,Да,Да,QA,,,P0,M03_CASA_Pro_Credit_History_Implementation_and_Acceptance_v1.1,§22 Конкретный список работ,CH-052–072,,Historical metrics exact; closed/MFO/history excluded current.,TODO,
M03-TASK-013,M03,13,Карты: limit/utilized/outstanding/payment kind/minimum/frequency отдельно,Да,Card columns,Да,Да,QA,,,P0,M03_CASA_Pro_Credit_History_Implementation_and_Acceptance_v1.1,§22 Конкретный список работ,CH-032/035/038/046/089,,"В UI две отдельные карты; ни limit=debt, ни limit=payment; source каждого поля открывается.",TODO,
M03-TASK-014,M03,14,REC-001…REC-015 и exact money comparison,Да,Reconciliation details,Да,Да,QA,,,P0,M03_CASA_Pro_Credit_History_Implementation_and_Acceptance_v1.1,§22 Конкретный список работ,AT-CH-SUITE-01,,Каждый check evidence; critical mismatch blocks metric.,TODO,
M03-TASK-015,M03,15,Review queue по criticality и blocking policy,Да,«Нужно проверить»,Да,Да,QA,,,P0,M03_CASA_Pro_Credit_History_Implementation_and_Acceptance_v1.1,§22 Конкретный список работ,CH-077; AT-CH-UX-002,,Raw warning-блок demo заменён очередью unresolved: поле/причина/влияние/source/action/blocking; publish disabled при blocker.,TODO,
M03-TASK-016,M03,16,"Confirm/correct/merge/split с reason, actor, time, concurrency",Да,Формы решений,—,—,QA,,,P0,M03_CASA_Pro_Credit_History_Implementation_and_Acceptance_v1.1,§22 Конкретный список работ,CH-075/085,,Raw не меняется; profile/reconciliation version обновлена.,TODO,
M03-TASK-017,M03,17,Четыре независимых статуса + русские user messages,Да,Header badges,—,—,QA,,,P0,M03_CASA_Pro_Credit_History_Implementation_and_Acceptance_v1.1,§22 Конкретный список работ,CH-017/078/090; RG9,RG9,В broker UI нет MANUAL_REVIEW_REQUIRED/CONTRACT_REQUIRED/LEGAL_REVIEW_REQUIRED/UNVERIFIED/PARTIAL и общего M03 «Подтверждено».,TODO,
M03-TASK-018,M03,18,"Current vs History UI, neutral text, no verdict/CASA Score",API payload,Да,—,—,QA,,,P0,M03_CASA_Pro_Credit_History_Implementation_and_Acceptance_v1.1,§22 Конкретный список работ,AT-CH-UX-001/003; CH-053/072/082,,"Строка demo «active с просрочкой=1» не является current; UI показывает current 0/0 отдельно, lifetime в History, PKR с as_of.",TODO,
M03-TASK-019,M03,19,Publish immutable snapshot с hashes и engine versions,Да,Версия/дата,—,—,QA,,,P0,M03_CASA_Pro_Credit_History_Implementation_and_Acceptance_v1.1,§22 Конкретный список работ,CH-077/082/085,,Gate list deterministic; replay exact; payload neutral.,TODO,
M03-TASK-020,M03,20,"Tenant/case isolation, redaction, JIT support, audit events",Да,Masked UI,—,—,QA,,,P0,M03_CASA_Pro_Credit_History_Implementation_and_Acceptance_v1.1,§22 Конкретный список работ,CH-079–083,,No existence leak/PII logs; access/view/correct/export audited.,TODO,
M03-TASK-021,M03,21,Автоматизировать FX-CH-REG-001 и весь CH-001…CH-090 suite,—,UI evidence,Да,Да,QA,,,P0,M03_CASA_Pro_Credit_History_Implementation_and_Acceptance_v1.1,§22 Конкретный список работ,AT-CH-SUITE-01; RG3,RG3,Все applicable tests PASS; evidence attached.,TODO,
M03-TASK-022,M03,22,Фактически перепроверить BUG-CH-001 на приложенном PKO.pdf и заполнить Actual,Проверить API,Проверить UI,Fixture,Fixture,QA,,,P0,M03_CASA_Pro_Credit_History_Implementation_and_Acceptance_v1.1,§22 Конкретный список работ,AT-CH-BUG-001,,"Зафиксированы source facts и API/UI: active current count=0, max current DPD=0; historical facts отдельно; статус только после retest.",TODO,
M04-TASK-001,M04,1,"Зафиксировать manual upload, consent и immutable original",Case/participant/consent gate; hash/version/quarantine/idempotency,Upload progress; open/replace,Template classify; no API,Template classify; no API,Consent/cross-tenant/corrupt/duplicate,,,P0,M04_CASA_Pro_Pension_Implementation_and_Acceptance_v1.0,§24 Конкретный список работ Даулету,AT-PC-002/010…012,,Manual PDF flow passes; original/hash/version immutable; no eGov login/API.,TODO,
M04-TASK-002,M04,2,Разделить независимые статусы документа,Separate integrity/subject/pages/authenticity/extraction/reconciliation/review/freshness,Russian badges + details,Return exact states,Return exact states,No one green confirmed,,,P0,M04_CASA_Pro_Pension_Implementation_and_Acceptance_v1.0,§24 Конкретный список работ Даулету,AT-PC-017/021,,Each dimension visible; unverified barcode never «Подтверждено».,TODO,
M04-TASK-003,M04,3,Реализовать exact fixture parser,Store parse run and rows,Show processing progress,2/2 pages; 6 rows; rotated bilingual template,2/2 pages; 6 rows; rotated bilingual template,PC-001 exact,,,P0,M04_CASA_Pro_Pension_Implementation_and_Acceptance_v1.0,§24 Конкретный список работ Даулету,AT-PC-001A…H,,Every exact expected field/date/page/status matches.,TODO,
M04-TASK-004,M04,4,Сохранить canonical contribution_record,Entities/FieldValue/presence/evidence/version,Row details,Raw+normalized for all critical fields,Raw+normalized for all critical fields,Schema/presence tests,,,P0,M04_CASA_Pro_Pension_Implementation_and_Acceptance_v1.0,§24 Конкретный список работ Даулету,AT-PC-001B…H/009/020,,Raw never overwritten; zero/blank/unknown distinct.,TODO,
M04-TASK-005,M04,5,"Разделить query period, contribution period и coverage",Separate fields/month algorithm,Separate labels/badge,Never substitute header period,Never substitute header period,PC-003…005,,,P0,M04_CASA_Pro_Pension_Implementation_and_Acceptance_v1.0,§24 Конкретный список работ Даулету,AT-PC-003/004,,"Missing month UNKNOWN unless COVERED; fixture observed=6, covered=UNKNOWN.",TODO,
M04-TASK-006,M04,6,Исправить observed months на fixture,Expose parser/profile metrics,Show 6 observed months,Investigate row/month mapping after QA evidence,Investigate row/month mapping after QA evidence,Parser/API/UI compare,,,P0,M04_CASA_Pro_Pension_Implementation_and_Acceptance_v1.0,§24 Конкретный список работ Даулету,AT-PC-001B/C; AT-PC-003,,FX-PC-REG-001 outputs 6 at parser/API/UI; root cause documented.,TODO,
M04-TASK-007,M04,7,Реализовать versioned KNP/status registries,Effective-dated mapping + registry versions,Human type/status,010/019/015/009/089/098/013; unknown safe,010/019/015/009/089/098/013; unknown safe,PC-024/025,,,P0,M04_CASA_Pro_Pension_Implementation_and_Acceptance_v1.0,§24 Конкретный список работ Даулету,AT-PC-001G/007/008,,Leading zero kept; unknown not OPV; penalty excluded.,TODO,
M04-TASK-008,M04,8,Разделить sender и employer,"sender entity, ID-first resolution, role const",Label «Отправитель пенсионных взносов»,Extract name + identifier,Extract name + identifier,PC-008/011…013,,,P0,M04_CASA_Pro_Pension_Implementation_and_Acceptance_v1.0,§24 Конкретный список работ Даулету,AT-PC-001F/005/019,,No employer relation produced; same/different IDs work correctly.,TODO,
M04-TASK-009,M04,9,Убрать автоматический salary 100 000,Apply E-01…E-07; fixture base null,Human UNKNOWN message,No guessed rate,No guessed rate,PC-019,,,P0,M04_CASA_Pro_Pension_Implementation_and_Acceptance_v1.0,§24 Конкретный список работ Даулету,AT-PC-006,,No salary/verified income; UNKNOWN_RATE_CONTEXT in snapshot/details.,TODO,
M04-TASK-010,M04,10,Убрать лимит кредитных платежей 50 000,Remove pension calculation/output,Remove field/copy,N/A,N/A,Contract/UI absence regression,,,P0,M04_CASA_Pro_Pension_Implementation_and_Acceptance_v1.0,§24 Конкретный список работ Даулету,AT-PC-006/019,,Pension API/UI/snapshot contain no KDN/payment-limit output.,TODO,
M04-TASK-011,M04,11,Считать CASA total отдельно от source total,Decimal row sum; source total presence,Label «Сумма найденных строк»,Include only effective positive rows,Include only effective positive rows,PC-001/024/026/027,,,P0,M04_CASA_Pro_Pension_Implementation_and_Acceptance_v1.0,§24 Конкретный список работ Даулету,AT-PC-001D/E/008/009,,60 000 exact; source_total_check=NOT_APPLICABLE.,TODO,
M04-TASK-012,M04,12,Реализовать returns/corrections effect gate,Link original; effect UNKNOWN until mapping,Human review task,Preserve source row,Preserve source row,PC-024/Status samples,,,P0,M04_CASA_Pro_Pension_Implementation_and_Acceptance_v1.0,§24 Конкретный список работ Даулету,AT-PC-008/SUITE-01,,No unsigned add/subtract; unresolved status excluded and reviewed.,TODO,
M04-TASK-013,M04,13,Не задваивать text/OCR и реальные строки,Exact bbox provenance + semantic candidate workflow,Show duplicate task,Same bbox one record; same amount not auto-merge,Same bbox one record; same amount not auto-merge,PC-006/034…036,,,P0,M04_CASA_Pro_Pension_Implementation_and_Acceptance_v1.0,§24 Конкретный список работ Даулету,AT-PC-014/015,,Totals count each real row once; candidate blocks duplicate publish.,TODO,
M04-TASK-014,M04,14,Добавить таблицу source rows,Review endpoint returns rows/sender/evidence,Month/date/amount/type-KNP/sender/status/action,All fixture cells,All fixture cells,UI exact row test,,,P0,M04_CASA_Pro_Pension_Implementation_and_Acceptance_v1.0,§24 Конкретный список работ Даулету,AT-PC-001B…H/019,,Six rows visible; no horizontal scroll for key columns on desktop.,TODO,
M04-TASK-015,M04,15,Добавить evidence viewer,Signed/authz evidence refs; page/bbox/crop/hash,Open source/crop from field,Evidence for every critical field,Evidence for every critical field,Cross-tenant + crop tests,,,P0,M04_CASA_Pro_Pension_Implementation_and_Acceptance_v1.0,§24 Конкретный список работ Даулету,AT-PC-013/020,,Amount/KNP/sender/date jumps to exact source; PII-safe access.,TODO,
M04-TASK-016,M04,16,Добавить Confirm/Correct для critical fields,Reviewed revision + reason/actor/time/If-Match,Unified review component,Raw preserved,Raw preserved,Correction/recompute/conflict,,,P0,M04_CASA_Pro_Pension_Implementation_and_Acceptance_v1.0,§24 Конкретный список работ Даулету,AT-PC-020/022,,Before/after/reason/audit saved; dependencies and version updated.,TODO,
M04-TASK-017,M04,17,Собрать блок «Нужно проверить»,Task API with blocking/owner/state/evidence,Only unresolved tasks; human copy,Emit critical mismatches/UNKNOWN,Emit critical mismatches/UNKNOWN,Task lifecycle,,,P0,M04_CASA_Pro_Pension_Implementation_and_Acceptance_v1.0,§24 Конкретный список работ Даулету,AT-PC-020/021,,Resolved tasks leave active list; no raw enum as primary text.,TODO,
M04-TASK-018,M04,18,Реализовать PCR-001…PCR-015,Deterministic checks + PASS/FAIL/NA/WAIVED + inputs,Human discrepancy details,Parser evidence inputs,Parser evidence inputs,Full PCR suite,,,P0,M04_CASA_Pro_Pension_Implementation_and_Acceptance_v1.0,§24 Конкретный список работ Даулету,AT-PC-SUITE-01,,Blocking checks gate publish; replay reproduces checks.,TODO,
M04-TASK-019,M04,19,Реализовать publish snapshot gate,Immutable schema/hash/versions/evidence manifest,CTA «Подтвердить факты и создать снимок»,Exact source/review versions,Exact source/review versions,Publish/replay/supersede,,,P0,M04_CASA_Pro_Pension_Implementation_and_Acceptance_v1.0,§24 Конкретный список работ Даулету,AT-PC-022,,No blocker; snapshot replay identical; correction creates new snapshot.,TODO,
M04-TASK-020,M04,20,"Защитить tenant, consent, PII и audit",ACL/purpose/log redaction/admin support mode,Safe error messages,No PII in parser logs,No PII in parser logs,Isolation/audit/security,,,P0,M04_CASA_Pro_Pension_Implementation_and_Acceptance_v1.0,§24 Конкретный список работ Даулету,AT-PC-002/010/012/022,,Cross-tenant denied; access/review/publish audited; dev/test anonymized.,TODO,
M04-TASK-021,M04,21,Прогнать full regression and acceptance,Stable test hooks/fixtures,UI evidence screenshots,PC-001…040 gold set,PC-001…040 gold set,All AT-PC + PCR,,,P0,M04_CASA_Pro_Pension_Implementation_and_Acceptance_v1.0,§24 Конкретный список работ Даулету,AT-PC-SUITE-01,,All applicable tests PASS; open gates remain explicit UNKNOWN/manual fallback.,TODO,
M05-TASK-001,M05,1,Зафиксировать M05 boundary,Service/module guard; reject bank fields,Human boundary copy,Contract allowlist,,Schema/output negative tests,,Нет,P0,M05_CASA_Pro_Client_Profile_Implementation_and_Acceptance_v1.1,§32 Конкретный список работ Даулету,CP-035,,No Bank Rules/KDN/CASA Score/raw PDF,TODO,
M05-TASK-002,M05,2,Подключить M01 context,Resolve tenant/case/participant/identity/consent preflight,Show participant/consent blockers,M01 refs only,,Mismatch/cross-tenant,,M01 approvals,P0,M05_CASA_Pro_Client_Profile_Implementation_and_Acceptance_v1.1,§32 Конкретный список работ Даулету,CP-004/033,,No parallel client/auth/consent model,TODO,
M05-TASK-003,M05,3,Подключить M02 client_check_batch,"Read selected batch_id/version, coverage, results/facts, quality/freshness",Autodata card + source viewer,iin_check_batch_id → client_check_batch.batch_id; no source copy,,Partial/unknown/stale,,Нет,P0,M05_CASA_Pro_Client_Profile_Implementation_and_Acceptance_v1.1,§32 Конкретный список работ Даулету,CP-001/032/035,,No IIN snapshot entity; no repeat IIN/source questions,TODO,
M05-TASK-004,M05,4,Подключить M03 snapshot,Read published chs ID/hash/quality,Credits read-only,Lineage/evidence refs,,Manual duplicate spy=0,,Нет,M03 §17; CP §12,M05_CASA_Pro_Client_Profile_Implementation_and_Acceptance_v1.1,§32 Конкретный список работ Даулету,No PDF reread; obligations immutable,,,TODO,
M05-TASK-005,M05,5,Подключить M04 snapshot,Read pension ID/hash/rows/senders/quality,Read-only pension facts,Sender/evidence refs,,No amount/month duplicate,,Нет,M04 §18; CP §2,M05_CASA_Pro_Client_Profile_Implementation_and_Acceptance_v1.1,§32 Конкретный список работ Даулету,Sender stays CONTRIBUTION_SENDER,,,TODO,
M05-TASK-006,M05,6,Создать client_profile aggregate,Case-scoped read/write model + optimistic concurrency,Section shell/status,Logical profile + version refs,,Idempotency/concurrency,,RG-CP-01/04,P0,M05_CASA_Pro_Client_Profile_Implementation_and_Acceptance_v1.1,§32 Конкретный список работ Даулету,AT-CP-SUITE-001,RG-CP-01,One current draft; history preserved,TODO,
M05-TASK-007,M05,7,Реализовать purchase_goal,GET/PATCH fields + If-Match,Goal section,Versioned goal,,UNKNOWN/date/range,,RG-CP-01/04,P1,M05_CASA_Pro_Client_Profile_Implementation_and_Acceptance_v1.1,§32 Конкретный список работ Даулету,CP-032,RG-CP-01,Preference not eligibility; reconciliation input exact,TODO,
M05-TASK-008,M05,8,Собрать participant/household,M01 participants + household state,Separate roles/included,Ordinal/relationship refs,,No spouse/multi co-borrower,,Role registry,P0,M05_CASA_Pro_Client_Profile_Implementation_and_Acceptance_v1.1,§32 Конкретный список работ Даулету,CP-002…005,,No data/consent mixing,TODO,
M05-TASK-009,M05,9,Реализовать employment records,CRUD with owner/access/version,Multi-employment cards,Exact enums/dates/status,,2 jobs/leave/probation,,RG-CP-04,P0,M05_CASA_Pro_Client_Profile_Implementation_and_Acceptance_v1.1,§32 Конкретный список работ Даулету,CP-006/010,RG-CP-04,Independent records; no accepted income,TODO,
M05-TASK-010,M05,10,Реализовать income_source,CRUD separate from employment,Add source/status/evidence,Type/amount/periodicity/method/status,,Salary+rental/business,,RG-CP-03/04,P0,M05_CASA_Pro_Client_Profile_Implementation_and_Acceptance_v1.1,§32 Конкретный список работ Даулету,CP-007/011…016,RG-CP-03,Multiple sources; no bank acceptance,TODO,
M05-TASK-011,M05,11,Разделить declared/verified,Policy-versioned verifier,Human badges,Declared/verified amounts,,Evidence missing/invalid,,RG-CP-03,P0,M05_CASA_Pro_Client_Profile_Implementation_and_Acceptance_v1.1,§32 Конкретный список работ Даулету,CP-011/012,RG-CP-03,VERIFIED only allowed policy; bank field absent,TODO,
M05-TASK-012,M05,12,Разделить business и turnover,Separate semantic fields/validation,Clear labels,BUSINESS evidence refs,,Tax/turnover fixture,,RG-CP-03/04,P1,M05_CASA_Pro_Client_Profile_Implementation_and_Acceptance_v1.1,§32 Конкретный список работ Даулету,CP-013,RG-CP-03,Turnover never copied as income,TODO,
M05-TASK-013,M05,13,Создать sender→employment relation,Candidate/review/conflict service,Side-by-side facts CTA,Versioned relation,,Match/mismatch/no policy,,RG-CP-03,P0,M05_CASA_Pro_Client_Profile_Implementation_and_Acceptance_v1.1,§32 Конкретный список работ Даулету,CP-008/009/031,RG-CP-03,No auto-verify or source overwrite,TODO,
M05-TASK-014,M05,14,Реализовать asset model,CRUD with owner/evidence/access,Asset cards,Exact asset enum,,Asset 30m,,RG-CP-03/04,P0,M05_CASA_Pro_Client_Profile_Implementation_and_Acceptance_v1.1,§32 Конкретный список работ Даулету,CP-019/020/021,RG-CP-03,Asset not in DP without source,TODO,
M05-TASK-015,M05,15,Реализовать down_payment_source,CRUD mechanism/link/availability/status,Source list,Exact source enum,,All source types,,RG-CP-03/04,P0,M05_CASA_Pro_Client_Profile_Implementation_and_Acceptance_v1.1,§32 Конкретный список работ Даулету,CP-017…025,RG-CP-03,Owner/amount/status/date/evidence complete,TODO,
M05-TASK-016,M05,16,Исключить collateral из cash,Aggregation filter,Separate collateral block,non-monetary flag/source,,CP-021 exact,,Нет,P0,M05_CASA_Pro_Client_Profile_Implementation_and_Acceptance_v1.1,§32 Конкретный список работ Даулету,CP-021,,0 collateral value in cash totals,TODO,
M05-TASK-017,M05,17,Рассчитать availability totals,Deterministic neutral aggregates,Now/future/restricted labels,Dates/status inputs,,Boundary dates/restricted,,RG-CP-04/05,P0,M05_CASA_Pro_Client_Profile_Implementation_and_Acceptance_v1.1,§32 Конкретный список работ Даулету,CP-024/025,RG-CP-04,Future never in available_now,TODO,
M05-TASK-018,M05,18,Реализовать reconciliation,POST reconcile + version/input refs,Target/sources/gap/status,Reconcile result,,5m/5m and 5m/3m,,RG-CP-01/04,P0,M05_CASA_Pro_Client_Profile_Implementation_and_Acceptance_v1.1,§32 Конкретный список работ Даулету,CP-017/018,RG-CP-01,Exact PASS/gap 2m; UNKNOWN not 0,TODO,
M05-TASK-019,M05,19,Создать non_credit_commitment,CRUD separate from M03 loans,Separate section,Approved neutral enum,,Alimony/unknown,,RG-CP-06/04,P0,M05_CASA_Pro_Client_Profile_Implementation_and_Acceptance_v1.1,§32 Конкретный список работ Даулету,CP-026…028,RG-CP-06,No loan duplication; unknown amount null,TODO,
M05-TASK-020,M05,20,Реализовать field status model,Unified state validation,Russian human messages,Status/reason refs,,All transitions/boundaries,,RG-CP-03/05,P0,M05_CASA_Pro_Client_Profile_Implementation_and_Acceptance_v1.1,§32 Конкретный список работ Даулету,CP-016/028/031/032,RG-CP-03,0/blank/unknown/NA distinct,TODO,
M05-TASK-021,M05,21,Реализовать provenance/evidence,Source/evidence resolver + allowlist,Badge/date/quality/viewer,Refs/hashes/versions,,Broken/foreign refs,,RG-CP-03,P0,M05_CASA_Pro_Client_Profile_Implementation_and_Acceptance_v1.1,§32 Конкретный список работ Даулету,AT-CP-UI-001,RG-CP-03,Every critical field traceable,TODO,
M05-TASK-022,M05,22,Реализовать conflicts,Create/resolve without precedence,Compare facts/dates/sources,Conflict entity/status,,Sender/employer/manual conflict,,RG-CP-01/03,P0,M05_CASA_Pro_Client_Profile_Implementation_and_Acceptance_v1.1,§32 Конкретный список работ Даулету,CP-009/031,RG-CP-01,Both facts preserved; explicit review,TODO,
M05-TASK-023,M05,23,Реализовать corrections,Append revision; recompute deps,Correct + reason/evidence/history,before/after/actor/time,,Verified correction,,Evidence policy,P0,M05_CASA_Pro_Client_Profile_Implementation_and_Acceptance_v1.1,§32 Конкретный список работ Даулету,CP-030,,Source preserved; new revision/snapshot,TODO,
M05-TASK-024,M05,24,Собрать dynamic questionnaire,Versioned question/branch registry,6–8 short sections,Rule/version refs,,All CP branch rules,,RG-CP-01/04,P0,M05_CASA_Pro_Client_Profile_Implementation_and_Acceptance_v1.1,§32 Конкретный список работ Даулету,CP-001…028,RG-CP-01,No irrelevant/duplicate questions,TODO,
M05-TASK-025,M05,25,Реализовать completeness/CPG,CPG-01…08 evaluator,Section statuses + blockers,Decision/input refs,,Unknown/conflict/missing,,RG-CP-01/03/05,P0,M05_CASA_Pro_Client_Profile_Implementation_and_Acceptance_v1.1,§32 Конкретный список работ Даулету,CP-032,RG-CP-01,Publish decision deterministic/replayable,TODO,
M05-TASK-026,M05,26,Реализовать freshness/rebuild,Subscribe/select new upstream; supersede,STALE/update/rebuild CTA,selected refs/history,,New CH snapshot,,RG-CP-05,P0,M05_CASA_Pro_Client_Profile_Implementation_and_Acceptance_v1.1,§32 Конкретный список работ Даулету,CP-029,RG-CP-05,Old profile immutable; new ref used,TODO,
M05-TASK-027,M05,27,Реализовать publish snapshot,Immutable payload/hash/idempotency,Confirm profile CTA,Schema/input hashes,,CPG pass/fail/replay,,RG-CP-01…05,P0,M05_CASA_Pro_Client_Profile_Implementation_and_Acceptance_v1.1,§32 Конкретный список работ Даулету,CP-032/034/035,RG-CP-01,Exact replay; no bank fields/raw PDF,TODO,
M05-TASK-028,M05,28,Собрать target M05 UI,Aggregate read model,Sticky summary + 7 sections,Refs only,,Desktop/mobile/keyboard,,Human copy,P0,M05_CASA_Pro_Client_Profile_Implementation_and_Acceptance_v1.1,§32 Конкретный список работ Даулету,AT-CP-UI-001; AT-USA-013,,No horizontal critical-action blocker,TODO,
M05-TASK-029,M05,29,Исправить demo financial semantics,Expose domain/source/status,Rename/move ambiguous cards,Ownership map,,Screenshot regressions,,Нет,P0,M05_CASA_Pro_Client_Profile_Implementation_and_Acceptance_v1.1,§32 Конкретный список работ Даулету,CP-011/012/026,,No ambiguous verified/accepted labels,TODO,
M05-TASK-030,M05,30,Защитить tenant/PII/audit,M01 guards/RLS/redaction/audit,Safe errors,Allowlisted evidence,,Cross-tenant/log/export,,Security policy,P0,M05_CASA_Pro_Client_Profile_Implementation_and_Acceptance_v1.1,§32 Конкретный список работ Даулету,CP-033; AT-CP-UI-001,,Deny/no leak; critical actions audited,TODO,
M05-TASK-031,M05,31,Собрать CP regression suite,Fixtures/hooks/reporting,Golden UI states,FX-CP-001 no-PII,,CP-001…035 + CPG + API,,RG-CP-07,P0,M05_CASA_Pro_Client_Profile_Implementation_and_Acceptance_v1.1,§32 Конкретный список работ Даулету,AT-CP-SUITE-001,RG-CP-07,All applicable tests objective PASS,TODO,
M05-TASK-032,M05,32,Собрать end-to-end snapshot fixture,M01→M02 batch + M03/M04 snapshot refs→profile→publish,Full broker flow,Hashes/audit refs,,Replay/downstream raw PDF spy=0,,Synthetic approvals,P1,M05_CASA_Pro_Client_Profile_Implementation_and_Acceptance_v1.1,§32 Конкретный список работ Даулету,CP-034/035; AT-E2E-002,RG6|RG11,Downstream reads only cps ID/hash,TODO,
M06-TASK-001,M06,1,Зафиксировать module boundary и feature flags,Allowlist two formulas; KDN disabled,Hide forbidden M06 blocks,Registry config,,Forbidden-output tests,,,P0,M06_CASA_Pro_Calculation_Engine_Implementation_and_Acceptance_v1.1,§29 Конкретный список работ Даулету — часть 1,AT-CALC-001/010,,Only 2 executable; REG disabled,TODO,
M06-TASK-002,M06,2,Создать versioned Formula Registry,Read-only approved records + validator,Formula/version in details,Registry release/version,,Registry snapshot test,,,P0,M06_CASA_Pro_Calculation_Engine_Implementation_and_Acceptance_v1.1,§29 Конкретный список работ Даулету — часть 1,AT-CALC-001/007,,Exact IDs/versions/expressions,TODO,
M06-TASK-003,M06,3,Добавить REG-F-001 disabled record,Return null/DISABLED,Human KDN message,Future metadata retained,,No numeric KDN scan,,,P0,M06_CASA_Pro_Calculation_Engine_Implementation_and_Acceptance_v1.1,§29 Конкретный список работ Даулету — часть 1,AT-CALC-001/010,,0.25 future metadata only,TODO,
M06-TASK-004,M06,4,Реализовать M05 snapshot loader,Tenant/case/id/hash/schema validation,Source link,No latest fallback,,Wrong hash/cross-tenant,,,P0,M06_CASA_Pro_Calculation_Engine_Implementation_and_Acceptance_v1.1,§29 Конкретный список работ Даулету — часть 1,AT-CALC-002/003,,Exact immutable M05 ref,TODO,
M06-TASK-005,M06,5,Реализовать MetricResolver available_now_total,Resolve by metric key,Read-only status/as_of,value/currency/status/provenance,,Exact metric-key/schema/hash/status/provenance adapter tests,,,P0,M06_CASA_Pro_Calculation_Engine_Implementation_and_Acceptance_v1.1,§29 Конкретный список работ Даулету — часть 1,AT-CALC-002/003,,Adapter tests PASS; OQ-CALC-01 = RESOLVED_FOR_1_0; no DP re-aggregation,TODO,
M06-TASK-006,M06,6,Реализовать InputBinder,Bind exact paths/parameters,No manual override of profile values,Canonical input envelope,,Schema/type tests,,,P0,M06_CASA_Pro_Calculation_Engine_Implementation_and_Acceptance_v1.1,§29 Конкретный список работ Даулету — часть 1,AT-CALC-002,,Every input typed/unit/statused,TODO,
M06-TASK-007,M06,7,Реализовать StateEngine,All approved states + blockers,Human mappings,Stable blocker ordering,,State matrix suite,,,P0,M06_CASA_Pro_Calculation_Engine_Implementation_and_Acceptance_v1.1,§29 Конкретный список работ Даулету — часть 1,AT-CALC-004/009,,UNKNOWN≠0; no partial,TODO,
M06-TASK-008,M06,8,Реализовать decimal context,Precision 50; explicit HALF_EVEN; no Number,N/A,Context version + decimal strings; final HALF_UP,,Context/float guard + exact fixture,,,P0,M06_CASA_Pro_Calculation_Engine_Implementation_and_Acceptance_v1.1,§29 Конкретный список работ Даулету — часть 1,AT-CALC-005,,p50 HALF_EVEN internal; HALF_UP final,TODO,
M06-TASK-009,M06,9,Реализовать CALC-F-001,"max(P−A,0)",Neutral label,raw/persisted/display,,FX-FIN-001…009,,,P0,M06_CASA_Pro_Calculation_Engine_Implementation_and_Acceptance_v1.1,§29 Конкретный список работ Даулету — часть 1,AT-CALC-001/008,,All FIN fixtures exact,TODO,
M06-TASK-010,M06,10,Реализовать CALC-F-002,Approved branches,P/a/n + disclaimer,raw/persisted/display,,FX-ANN-001…009,,,P0,M06_CASA_Pro_Calculation_Engine_Implementation_and_Acceptance_v1.1,§29 Конкретный список работ Даулету — часть 1,AT-CALC-001/008/009,,All ANN fixtures exact,TODO,
M06-TASK-011,M06,11,Реализовать zero-principal / zero-rate branches,Explicit branch before denominator,Correct 0 labels,Branch marker,,ANN-002/003,,,P0,M06_CASA_Pro_Calculation_Engine_Implementation_and_Acceptance_v1.1,Конкретный список работ Даулету — часть 2,AT-CALC-008/009,,No divide-by-zero,TODO,
M06-TASK-012,M06,12,Реализовать Unit/Currency validator,KZT-only compatibility,Human blocker,Currency codes,,Mismatch/percent/month tests,,,P0,M06_CASA_Pro_Calculation_Engine_Implementation_and_Acceptance_v1.1,Конкретный список работ Даулету — часть 2,AT-CALC-006,,No FX conversion,TODO,
M06-TASK-013,M06,13,Реализовать error contract,Exact codes/status/null/refs,Russian messages/actions,No sentinel values,,All error cases,,,P0,M06_CASA_Pro_Calculation_Engine_Implementation_and_Acceptance_v1.1,Конкретный список работ Даулету — часть 2,AT-CALC-004/009,,No NaN/Infinity,TODO,
M06-TASK-014,M06,14,Реализовать calculation_run,Create/read; case scope,Run loading state,Immutable request/result,,API contract,,,P0,M06_CASA_Pro_Calculation_Engine_Implementation_and_Acceptance_v1.1,Конкретный список работ Даулету — часть 2,AT-CALC-003/012,,Run stores exact refs/results,TODO,
M06-TASK-015,M06,15,Реализовать idempotency,Key + canonical request hash,Prevent duplicate click,Unique scope,,Same/different hash tests,,,P0,M06_CASA_Pro_Calculation_Engine_Implementation_and_Acceptance_v1.1,Конкретный список работ Даулету — часть 2,AT-CALC-009/012,,Same request same result,TODO,
M06-TASK-016,M06,16,Реализовать calculation_snapshot,Publish partial/success,Read-only result details,Immutable payload,,Mutation rejection,,,P0,M06_CASA_Pro_Calculation_Engine_Implementation_and_Acceptance_v1.1,Конкретный список работ Даулету — часть 2,AT-CALC-012,,No update/delete of payload,TODO,
M06-TASK-017,M06,17,Реализовать CASA-CJ-1,Exact replay allowlist + canonical JSON + SHA-256,N/A,Registry/engine/context/formula versions included,,Published payload + golden hashes,,,P0,M06_CASA_Pro_Calculation_Engine_Implementation_and_Acceptance_v1.1,Конкретный список работ Даулету — часть 2,AT-CALC-005/012,,Canonical bytes and 3 hashes exact,TODO,
M06-TASK-018,M06,18,Реализовать replay service,Load exact old versions,No broker CTA,Replay audit,,Old-version/golden replay,,,P0,M06_CASA_Pro_Calculation_Engine_Implementation_and_Acceptance_v1.1,Конкретный список работ Даулету — часть 2,AT-CALC-007/012,,Byte-equivalent canonical output,TODO,
M06-TASK-019,M06,19,Реализовать recalculation flow,New M05/version → new run,Show stale/superseded status,Old snapshot retained,,No-mutation test,,,P1,M06_CASA_Pro_Calculation_Engine_Implementation_and_Acceptance_v1.1,Конкретный список работ Даулету — часть 2,AT-CALC-007/012,,Old replay unchanged,TODO,
M06-TASK-020,M06,20,Реализовать security/audit,M01 guard + events + minimization,No PII/technical leaks,Append-only refs,,Tenant/log/audit tests,,,P0,M06_CASA_Pro_Calculation_Engine_Implementation_and_Acceptance_v1.1,Конкретный список работ Даулету — часть 2,AT-CALC-003/012,,No cross-tenant/raw PDF/full IIN,TODO,
M06-TASK-021,M06,21,Собрать neutral M06 broker card,Expose source/status/version,Profile inputs + two results,N/A,,Desktop/mobile visual,,,P0,M06_CASA_Pro_Calculation_Engine_Implementation_and_Acceptance_v1.1,Конкретный список работ Даулету — часть 3,AT-CALC-003/010,,No mixed bank verdict,TODO,
M06-TASK-022,M06,22,Переименовать «Сумма кредита»,Output key unchanged,Required financing label,N/A,,Copy regression,,,P0,M06_CASA_Pro_Calculation_Engine_Implementation_and_Acceptance_v1.1,Конкретный список работ Даулету — часть 3,AT-CALC-010,,No approved-loan semantics,TODO,
M06-TASK-023,M06,23,Переименовать payment label,CALC-F-002 only,Exact label + disclaimer,N/A,,Copy/value test,,,P0,M06_CASA_Pro_Calculation_Engine_Implementation_and_Acceptance_v1.1,Конкретный список работ Даулету — часть 3,AT-CALC-001/010,,P/a/n/version visible,TODO,
M06-TASK-024,M06,24,Убрать «Принимаемый доход» из M06,No field/output,Remove card,Migration/absence,,API/UI scan,,,P0,M06_CASA_Pro_Calculation_Engine_Implementation_and_Acceptance_v1.1,Конкретный список работ Даулету — часть 3,AT-CALC-010,,No accepted income,TODO,
M06-TASK-025,M06,25,Заблокировать numeric KDN,REG disabled result only,No percentage; human text,No cached number,,DOM/API/snapshot scan,,,P0,M06_CASA_Pro_Calculation_Engine_Implementation_and_Acceptance_v1.1,Конкретный список работ Даулету — часть 3,AT-CALC-009/010,,No KDN number,TODO,
M06-TASK-026,M06,26,Убрать program verdicts из M06 surface,No rule execution,MOVE to Bank Rules,No M06 records,,Ownership scan,,,P0,M06_CASA_Pro_Calculation_Engine_Implementation_and_Acceptance_v1.1,Конкретный список работ Даулету — часть 3,AT-CALC-010,,No pass/fail in M06,TODO,
M06-TASK-027,M06,27,Убрать scenario orchestration из M06,No scenario persistence,MOVE cards/sliders,No profile mutation,,Forbidden endpoints/UI,,,P0,M06_CASA_Pro_Calculation_Engine_Implementation_and_Acceptance_v1.1,Конкретный список работ Даулету — часть 3,AT-CALC-010,,Only rate/term params remain,TODO,
M06-TASK-028,M06,28,Убрать property matching из M06,No property query,MOVE cards,No property snapshot,,Surface scan,,,P1,M06_CASA_Pro_Calculation_Engine_Implementation_and_Acceptance_v1.1,Конкретный список работ Даулету — часть 3,AT-CALC-010,,No property verdict,TODO,
M06-TASK-029,M06,29,Автоматизировать all fixtures,Unit/service/API suites,Snapshot UI assertions,Fixture payloads versioned,,18 exact fixtures,,,P0,M06_CASA_Pro_Calculation_Engine_Implementation_and_Acceptance_v1.1,Конкретный список работ Даулету — часть 3,AT-CALC-008/009,,All exact PASS,TODO,
M06-TASK-030,M06,30,Автоматизировать golden E2E/replay,M01→M06 pipeline,Golden UI,Exact canonical payload + three hashes,,RG11 byte-for-byte evidence,,,P0,M06_CASA_Pro_Calculation_Engine_Implementation_and_Acceptance_v1.1,Конкретный список работ Даулету — часть 3,AT-CALC-012,RG11,Published payload and hashes exact,TODO,
M06-TASK-031,M06,31,Добавить AI boundary regression,Numeric API independent of AI,Explanation read-only,No AI write path,,AI off/on equality,,,P0,M06_CASA_Pro_Calculation_Engine_Implementation_and_Acceptance_v1.1,Конкретный список работ Даулету — часть 3,AT-CALC-011,,Same numbers/versions/hashes,TODO,
M06-TASK-032,M06,32,Собрать acceptance evidence package,Logs/registry/API snapshots,Screenshots,Hashes/schema,,AT-CALC-001…012 report,,,P0,M06_CASA_Pro_Calculation_Engine_Implementation_and_Acceptance_v1.1,Конкретный список работ Даулету — часть 3,AT-CALC-001…012,,Evidence attached; no self-PASS,TODO,
M06-TASK-033,M06,33,Назначить Formula Registry approval owner и approval workflow,Запретить APPROVED без owner/workflow; immutable approved record,Admin surface не даёт разработчику self-approve,Approval actor/decision/version/audit,,Permission + immutable/version/audit tests,,,P0,M06_CASA_Pro_Calculation_Engine_Implementation_and_Acceptance_v1.1,Конкретный список работ Даулету — часть 3,AT-CALC-007/012,,CEO/Product/Regulatory owner назначен; approver role определена; change=new version; approval audited,TODO,
