invariant_id,module_id,object_name,invariant,forbidden_behavior,source_documents,source_sections,source_extract_ids,acceptance_test_ids,developer_task_ids
INV-0001,CORE,case,"Действие и выход: проверяет файл, извлекает записи, строит цепочки долга, сверяет итоги и просит подтверждение → неизменяемый снимок текущего долга, истории, качества и неизвестностей",,00_CASA_Pro_MASTER_v1.2,§03 Кредитная история|§25 Глоссарий,SRC-DOC-000-00090|SRC-DOC-000-00347,,
INV-0002,CORE,client_profile_snapshot,"Действие и выход: добавляет только недостающие факты о цели, участниках, работе, доходах, активах и ПВ; фиксирует конфликты → неизменяемый client_profile_snapshot",,00_CASA_Pro_MASTER_v1.2,§05 Профиль клиента,SRC-DOC-000-00104,,
INV-0003,M01,audit_event,Объект: audit_event; Immutable: Append-only; Versioned change: Только новый correcting event/ref.; Historical rule: Нет hard rewrite; retention policy отдельно.,,M01_CASA_Pro_Client_and_Consent_Implementation_and_Acceptance_v1.1,§15 Versioning / immutability|§5 Модель case / participant / identity,SRC-DOC-M01-I-00189|SRC-DOC-M01-I-00064,,
INV-0004,M01,audit_event,Объект: audit_event; Immutable: Append-only; Versioned change: Только новый correcting event/ref.; Historical rule: Нет hard rewrite; retention policy отдельно.,,M01_CASA_Pro_Client_and_Consent_Implementation_and_Acceptance_v1.1,§15 Versioning / immutability,SRC-DOC-M01-I-00189,,
INV-0005,M01,case,"tenant/case/assignment/action guards, no-existence-leak и append-only audit проходят negative tests;",,M01_CASA_Pro_Client_and_Consent_Implementation_and_Acceptance_v1.1,Engineering DONE|§11 Consent evidence|§16 User flow|§7 Consent model|Входит в M01,SRC-DOC-M01-I-00323|SRC-DOC-M01-I-00141|SRC-DOC-M01-I-00201|SRC-DOC-M01-I-00087|SRC-DOC-M01-I-00043,,
INV-0006,M01,case,PII/log/export masking и immutable replay refs работают; human UI не показывает technical codes основным текстом;,,M01_CASA_Pro_Client_and_Consent_Implementation_and_Acceptance_v1.1,Engineering DONE|§15 Versioning / immutability|§23 Current implementation → target|Входит в M01|Транзакционный порядок отзыва,SRC-DOC-M01-I-00325|SRC-DOC-M01-I-00188|SRC-DOC-M01-I-00315|SRC-DOC-M01-I-00040|SRC-DOC-M01-I-00122,AT-CC-005,M01-TASK-013
INV-0007,M01,case,"Actor: Пользователь другого tenant; Scope: Cross-tenant; Разрешено: Нет; Запрещено: Deny/404; ни masked data, ни existence leak; Test: IIN T-033; CH-079; CP-033; AT-CC-006","Actor: Пользователь другого tenant; Scope: Cross-tenant; Разрешено: Нет; Запрещено: Deny/404; ни masked data, ни existence leak; Test: IIN T-033; CH-079; CP-033; AT-CC-006",M01_CASA_Pro_Client_and_Consent_Implementation_and_Acceptance_v1.1,§12 Access control|§13 Audit,SRC-DOC-M01-I-00153|SRC-DOC-M01-I-00168,CH-079|CP-033|AT-CC-006,M03-TASK-020|M05-TASK-030|M01-TASK-017
INV-0008,M01,consent,API surface: POST /api/v2/consents/{consent_id}:revoke; Контракт: Append-only revoke event + policy evaluation.,,M01_CASA_Pro_Client_and_Consent_Implementation_and_Acceptance_v1.1,Consent preflight,SRC-DOC-M01-I-00256,,
INV-0009,M01,consent,"Группа: Текст и цель; Минимальные поля: consent_text_version, content hash/reference, purpose grants, manifest/source scope если применимо; Инвариант: UI copy не заменяет immutable artifact.",,M01_CASA_Pro_Client_and_Consent_Implementation_and_Acceptance_v1.1,§11 Consent evidence|§15 Versioning / immutability|§7 Consent model|§8 Purpose model,SRC-DOC-M01-I-00138|SRC-DOC-M01-I-00185|SRC-DOC-M01-I-00186|SRC-DOC-M01-I-00082|SRC-DOC-M01-I-00086|SRC-DOC-M01-I-00101,AT-CC-002,M01-TASK-006|M01-TASK-007|M01-TASK-008|M01-TASK-010|M01-TASK-012|M01-TASK-020
INV-0010,M01,consent,M01 НЕ DONE ДЛЯ ENGINEERING  Если ownership неоднозначен; consent другого participant используется; purpose отсутствует; revoke не блокирует; identity history мутирует; tenant isolation нарушена; credentials сохраняются; audit/PII controls не доказаны; spouse auto co-borrower; integration scope расширен.: M01 НЕ DONE ДЛЯ ENGINEERING  Если ownership неоднозначен; consent другого participant используется; purpose отсутствует; revoke не блокирует; identity history мутирует; tenant isolation нарушена; credentials сохраняются; audit/PII controls не доказаны; spouse auto co-borrower; integration scope расширен.,,M01_CASA_Pro_Client_and_Consent_Implementation_and_Acceptance_v1.1,Engineering DONE|§5 Модель case / participant / identity,SRC-DOC-M01-I-00327|SRC-DOC-M01-I-00057,,
INV-0011,M01,identity_version,API surface: POST /api/v2/participants/{participant_id}/identity-versions; Контракт: New immutable version; old refs preserved.,,M01_CASA_Pro_Client_and_Consent_Implementation_and_Acceptance_v1.1,Consent preflight|§15 Versioning / immutability|§16 User flow|§5 Модель case / participant / identity,SRC-DOC-M01-I-00253|SRC-DOC-M01-I-00184|SRC-DOC-M01-I-00197|SRC-DOC-M01-I-00061,,
INV-0012,M01,participant,"APPEND-ONLY  Audit events не редактируются задним числом. Человеческое описание не содержит полный ИИН, raw PDF text, contract IDs, passwords/OTP/ЭЦП/cookies, tokens или данные другого participant.: APPEND-ONLY  Audit events не редактируются задним числом. Человеческое описание не содержит полный ИИН, raw PDF text, contract IDs, passwords/OTP/ЭЦП/cookies, tokens или данные другого participant.",,M01_CASA_Pro_Client_and_Consent_Implementation_and_Acceptance_v1.1,§13 Audit,SRC-DOC-M01-I-00169,,
INV-0013,M01,participant,Объект: participant role relation; Immutable: История неизменна; Versioned change: Новая revision с actor/reason/effective time.; Historical rule: Published snapshots сохраняют прежнюю роль.,,M01_CASA_Pro_Client_and_Consent_Implementation_and_Acceptance_v1.1,§15 Versioning / immutability,SRC-DOC-M01-I-00187,,
INV-0014,M02,client_check_batch,MUST создавать immutable history: refresh создаёт новый batch/result и `supersedes_id`.,MUST создавать immutable history: refresh создаёт новый batch/result и `supersedes_id`.,CASA_Pro_IIN_Check_Final_Spec_KZ_2026-08-21|M02_CASA_Pro_IIN_Check_R0_Implementation_and_Acceptance_v1.0,"§13.3 Обязательные MUST/MUST NOT|§7.2 Последовательность после нажатия|§8.5 API CASA|R0 считается DONE без production API calls, когда|§16 Security / privacy / audit|Входит в R0|Обязательный контракт client_check_result",SRC-DOC-M02-P-00555|SRC-DOC-M02-P-00327|SRC-DOC-M02-P-00393|SRC-DOC-M02-I-00296|SRC-DOC-M02-I-00220|SRC-DOC-M02-I-00037|SRC-DOC-M02-I-00130,,
INV-0015,M02,client_check_batch,"MUST обеспечить idempotency, tenant isolation, RBAC, MFA, rate limits, retries/backoff и schema quarantine.","MUST обеспечить idempotency, tenant isolation, RBAC, MFA, rate limits, retries/backoff и schema quarantine.",CASA_Pro_IIN_Check_Final_Spec_KZ_2026-08-21|M02_CASA_Pro_IIN_Check_R0_Implementation_and_Acceptance_v1.0,"§13.3 Обязательные MUST/MUST NOT|Что уже сделано правильно|R0 считается DONE без production API calls, когда|§16 Security / privacy / audit|§21 Current implementation → target|Входит в R0",SRC-DOC-M02-P-00556|SRC-DOC-M02-P-00053|SRC-DOC-M02-I-00301|SRC-DOC-M02-I-00214|SRC-DOC-M02-I-00287|SRC-DOC-M02-I-00041,AT-IIN-018,M02-TASK-019|M02-TASK-020
INV-0016,M02,consent,"STALE НЕ УДАЛЯЕТ ИСТОРИЮ  Просроченный result остаётся видимым и immutable, но не считается текущим подтверждением. Refresh создаёт новый batch/result с supersedes_id и повторно проверяет consent/source gates.: STALE НЕ УДАЛЯЕТ ИСТОРИЮ  Просроченный result остаётся видимым и immutable, но не считается текущим подтверждением. Refresh создаёт новый batch/result с supersedes_id и повторно проверяет consent/source gates.",,M02_CASA_Pro_IIN_Check_R0_Implementation_and_Acceptance_v1.0,§13 Freshness|§6 Пользовательский путь,SRC-DOC-M02-I-00175|SRC-DOC-M02-I-00064,,
INV-0017,M02,identity_version,Gate: IDENTITY_BINDING; Проверка: borrower_id + identity_version + tenant/case.; При нарушении: Запуск блокирован.; Непреложный инвариант: Исправление ИИН создаёт новую identity version; старый batch immutable.,,M02_CASA_Pro_IIN_Check_R0_Implementation_and_Acceptance_v1.0,§7 Проверка ИИН и consent gates,SRC-DOC-M02-I-00076,,
INV-0018,M03,case,Cross-tenant/case access denied; logs contain no full PII/contract/raw PDF text.,Cross-tenant/case access denied; logs contain no full PII/contract/raw PDF text.,M03_CASA_Pro_Credit_History_Implementation_and_Acceptance_v1.1,"Негативные и пограничные проверки, которые нельзя пропустить",SRC-DOC-M03-I-00372,,
INV-0019,M03,consent,"Шаг: 8. Подтверждение; Что видит/делает брокер: Нажимает «Подтвердить факты и создать снимок».; Что делает система: Проверяет gates и публикует immutable snapshot.; Состояние: VERIFIED_FOR_INTERNAL_USE; Блокер: Consent, subject, critical issue, lineage.",,M03_CASA_Pro_Credit_History_Implementation_and_Acceptance_v1.1,§5 Пользовательский путь,SRC-DOC-M03-I-00065,,
INV-0020,M03,credit_history_snapshot,Только immutable credit_history_snapshot:,,CASA_Pro_Credit_History_Engine_Final_Spec_KZ_2026-08-21|M03_CASA_Pro_Credit_History_Implementation_and_Acceptance_v1.1,§16.1 Что передаётся|§21.1 Manifest v1|§17 Выходной snapshot,SRC-DOC-M03-P-00575|SRC-DOC-M03-P-00784|SRC-DOC-M03-I-00312,,
INV-0021,M03,credit_report,"immutable append-only audit для upload, view, download, extraction, correction, merge/split, export, snapshot, deletion/restriction;",,CASA_Pro_Credit_History_Engine_Final_Spec_KZ_2026-08-21|M03_CASA_Pro_Credit_History_Implementation_and_Acceptance_v1.1,§17.1 Обязательные controls|Безопасность и аудит,SRC-DOC-M03-P-00606|SRC-DOC-M03-I-00306,,
INV-0022,M03,credit_report,после ручного подтверждения создать неизменяемый версионный snapshot для следующих модулей.,,CASA_Pro_Credit_History_Engine_Final_Spec_KZ_2026-08-21|M03_CASA_Pro_Credit_History_Implementation_and_Acceptance_v1.1,§1.1 Что CASA реально делает|§15.1 Command/API surface|§17.1 Обязательные controls|§2.2 Что уже правильно в v2.0|§21.1 Manifest v1|§6.2 Технический intake|§7.1 Этапы|§8.1 Сущности|§21 Как принимается M03|Безопасность и аудит|Входит в M03 релиза 1.0|Практическая реализация|Что видит брокер при неоднозначности,SRC-DOC-M03-P-00041|SRC-DOC-M03-P-00532|SRC-DOC-M03-P-00606|SRC-DOC-M03-P-00064|SRC-DOC-M03-P-00779|SRC-DOC-M03-P-00180|SRC-DOC-M03-P-00202|SRC-DOC-M03-P-00210|SRC-DOC-M03-P-00295|SRC-DOC-M03-P-00311|SRC-DOC-M03-I-00428|SRC-DOC-M03-I-00305|SRC-DOC-M03-I-00038|SRC-DOC-M03-I-00201|SRC-DOC-M03-I-00209,CH-077,M03-TASK-015|M03-TASK-019
INV-0023,M04,consent,"Наследование без повторения
Tenant/case ACL, purpose-bound consent, encrypted storage, malware quarantine, PII-free logs, audit, retention, text-layer-first OCR, selective crops, manual corrections и immutable snapshots наследуются из утверждённых блоков №1–2. Здесь определена только delta для пенсионных выписок.: Наследование без повторения
Tenant/case ACL, purpose-bound consent, encrypted storage, malware quarantine, PII-free logs, audit, retention, text-layer-first OCR, selective crops, manual corrections и immutable snapshots наследуются из утверждённых блоков №1–2. Здесь определена только delta для пенсионных выписок.","Наследование без повторения
Tenant/case ACL, purpose-bound consent, encrypted storage, malware quarantine, PII-free logs, audit, retention, text-layer-first OCR, selective crops, manual corrections и immutable snapshots наследуются из утверждённых блоков №1–2. Здесь определена только delta для пенсионных выписок.: Наследование без повторения
Tenant/case ACL, purpose-bound consent, encrypted storage, malware quarantine, PII-free logs, audit, retention, text-layer-first OCR, selective crops, manual corrections и immutable snapshots наследуются из утверждённых блоков №1–2. Здесь определена только delta для пенсионных выписок.",03_CASA_Pro_Pension_Contribution_Engine_Final_Spec_KZ_2026-08-21,"Решения, которые нельзя менять реализацией",SRC-DOC-M04-P-00033,,
INV-0024,M04,pension_document,Публикует immutable pension_contribution_profile_snapshot после закрытия blocking gates.,,03_CASA_Pro_Pension_Contribution_Engine_Final_Spec_KZ_2026-08-21|M04_CASA_Pro_Pension_Implementation_and_Acceptance_v1.0,"§1.1 Что блок делает|§13 API, gates и ошибки|§17.1 Final implementation contract|§5 Каноническая модель данных|§5.2 Canonical contribution_record|§6 Parsing и reconciliation|§21 Разбор текущего demo — KEEP / CHANGE / REMOVE / ADD|§5 Пользовательский путь|§7 Строки пенсионных|Входит в M04 релиза 1.0|Как принимается M04",SRC-DOC-M04-P-00042|SRC-DOC-M04-P-00695|SRC-DOC-M04-P-00832|SRC-DOC-M04-P-00173|SRC-DOC-M04-P-00174|SRC-DOC-M04-P-00182|SRC-DOC-M04-P-00195|SRC-DOC-M04-P-00256|SRC-DOC-M04-I-00355|SRC-DOC-M04-I-00368|SRC-DOC-M04-I-00061|SRC-DOC-M04-I-00067|SRC-DOC-M04-I-00094|SRC-DOC-M04-I-00046|SRC-DOC-M04-I-00402,AT-PC-002|AT-PC-020|AT-PC-022,M04-TASK-001|M04-TASK-020|M04-TASK-016|M04-TASK-017|M04-TASK-019
INV-0025,M04,pension_document,pension_contribution_profile_snapshot — единственный стабильный downstream contract; consumer не читает PDF.,,03_CASA_Pro_Pension_Contribution_Engine_Final_Spec_KZ_2026-08-21,§12 Snapshot для Bank Rules Engine|§12.1 Consumer contract,SRC-DOC-M04-P-00449|SRC-DOC-M04-P-00451,,
INV-0026,M04,pension_document,retry idempotent; exact duplicate не создаёт второй parse/snapshot; tenant isolation проверяется тестами.,,M04_CASA_Pro_Pension_Implementation_and_Acceptance_v1.0,Безопасность и аудит,SRC-DOC-M04-I-00277,,
INV-0027,M05,case,"Наследование
Tenant/case ACL, согласия, шифрование, audit, immutable snapshots, UNKNOWN ≠ 0, provenance/evidence и review-подход наследуются из уже закрытых блоков №1–3. Здесь описана только анкета и сбор недостающих клиентских фактов.: Наследование
Tenant/case ACL, согласия, шифрование, audit, immutable snapshots, UNKNOWN ≠ 0, provenance/evidence и review-подход наследуются из уже закрытых блоков №1–3. Здесь описана только анкета и сбор недостающих клиентских фактов.",,04_CASA_Pro_Client_Profile_Final_Spec_KZ_2026-08-21|M05_CASA_Pro_Client_Profile_Implementation_and_Acceptance_v1.1,§1 Scope и границы|§23 Snapshot / downstream contract,SRC-DOC-M05-P-00009|SRC-DOC-M05-I-00275,,
INV-0028,M05,client_profile,Method: POST; Endpoint: /api/v2/cases/{caseId}/client-profile:publish-snapshot; Назначение: publish immutable snapshot после gates,,04_CASA_Pro_Client_Profile_Final_Spec_KZ_2026-08-21|M05_CASA_Pro_Client_Profile_Implementation_and_Acceptance_v1.1,§16 API / события — минимальный surface|API surface — namespace compatibility,SRC-DOC-M05-P-00235|SRC-DOC-M05-I-00297,,
INV-0029,M05,client_profile_snapshot,"Сущность: client_profile_snapshot; Назначение: immutable payload, который потребляет Bank Rules Engine",,04_CASA_Pro_Client_Profile_Final_Spec_KZ_2026-08-21|M05_CASA_Pro_Client_Profile_Implementation_and_Acceptance_v1.1,§14 Каноническая модель и snapshot|§4 Цель покупки и бюджет|§21 Freshness / rebuild|§28 KEEP / CHANGE / REMOVE / ADD|Входит в M05,SRC-DOC-M05-P-00203|SRC-DOC-M05-P-00047|SRC-DOC-M05-I-00257|SRC-DOC-M05-I-00396|SRC-DOC-M05-I-00044,CPG-01|CP-029,M05-TASK-026
INV-0030,M05,client_profile_snapshot,"published snapshot mutable, unreplayable, cross-tenant accessible или downstream требует raw PDF;",,M05_CASA_Pro_Client_Profile_Implementation_and_Acceptance_v1.1,"M05 ENGINEERING НЕ DONE, если",SRC-DOC-M05-I-00425,,
INV-0031,M05,credit_history_snapshot,Блок snapshot: Upstream; Содержание: iin_check_batch_id → M02 client_check_batch.batch_id; credit_history_snapshot_id; pension_snapshot_id + selected hashes/quality refs; Инвариант: новой IIN snapshot entity нет; никакого raw PDF,,M05_CASA_Pro_Client_Profile_Implementation_and_Acceptance_v1.1,§23 Snapshot / downstream contract,SRC-DOC-M05-I-00277,,
INV-0032,M06,calculation_run,"NO PDF  calculation_run accepts no document bytes, page text, OCR result or raw payload. It consumes only immutable snapshot/metric references and explicit calculation parameters.: NO PDF  calculation_run accepts no document bytes, page text, OCR result or raw payload. It consumes only immutable snapshot/metric references and explicit calculation parameters.",,M06_CASA_Pro_Calculation_Engine_Production_Spec_v1.4|M06_CASA_Pro_Calculation_Engine_Implementation_and_Acceptance_v1.1,§21 Calculation run|§15 Calculation run|§4 Scope / Not Scope,SRC-DOC-M06-P-00277|SRC-DOC-M06-P-00267|SRC-DOC-M06-I-00199|SRC-DOC-M06-I-00046,,
INV-0033,M06,calculation_snapshot,"Block: Envelope; Required content: schema_version, calculation_snapshot_id, tenant_id, case_id, status, calculated_at; Invariant: immutable",,M06_CASA_Pro_Calculation_Engine_Production_Spec_v1.4|M06_CASA_Pro_Calculation_Engine_Implementation_and_Acceptance_v1.1,§22 Calculation snapshot|§16 Calculation snapshot|§23 Recalculation / supersede|§6 Ownership Matrix M03/M04/M05/M06/Bank Rules/Scenario|Входит в M06 1.0|API surface|M05 Metric Resolver|§2 Назначение|§25 Golden E2E — FX-CALC-GOLDEN-001,SRC-DOC-M06-P-00281|SRC-DOC-M06-I-00224|SRC-DOC-M06-P-00296|SRC-DOC-M06-P-00297|SRC-DOC-M06-P-00298|SRC-DOC-M06-P-00090|SRC-DOC-M06-P-00048|SRC-DOC-M06-I-00219|SRC-DOC-M06-I-00131|SRC-DOC-M06-I-00234|SRC-DOC-M06-I-00029|SRC-DOC-M06-I-00364,,
INV-0034,M06,calculation_snapshot,"M06 выполняет только утверждённые математические преобразования над уже опубликованными и адресно связанными входами. Он не читает PDF, не восстанавливает неизвестный факт, не выбирает банк и не меняет смысл upstream значения.",,M06_CASA_Pro_Calculation_Engine_Production_Spec_v1.4|M06_CASA_Pro_Calculation_Engine_Implementation_and_Acceptance_v1.1,§2 Назначение M06|Required E2E assertions,SRC-DOC-M06-P-00023|SRC-DOC-M06-I-00374,,
INV-0035,M06,calculation_snapshot,"NO SECOND AGGREGATE  Resolver reads the approved M05 metric. It must not iterate down_payment_sources, assets or collateral. If the metric is unavailable, result is BLOCKED; developer does not reconstruct it.: NO SECOND AGGREGATE  Resolver reads the approved M05 metric. It must not iterate down_payment_sources, assets or collateral. If the metric is unavailable, result is BLOCKED; developer does not reconstruct it.","NO SECOND AGGREGATE  Resolver reads the approved M05 metric. It must not iterate down_payment_sources, assets or collateral. If the metric is unavailable, result is BLOCKED; developer does not reconstruct it.: NO SECOND AGGREGATE  Resolver reads the approved M05 metric. It must not iterate down_payment_sources, assets or collateral. If the metric is unavailable, result is BLOCKED; developer does not reconstruct it.",M06_CASA_Pro_Calculation_Engine_Implementation_and_Acceptance_v1.1,Reference pseudocode,SRC-DOC-M06-I-00098,,
INV-0036,M06,calculation_snapshot,"ONE OWNER  Один показатель не может одновременно принадлежать M05 и M06. M06 сохраняет upstream value/reference, но не создаёт вторую истину.: ONE OWNER  Один показатель не может одновременно принадлежать M05 и M06. M06 сохраняет upstream value/reference, но не создаёт вторую истину.",,M06_CASA_Pro_Calculation_Engine_Production_Spec_v1.4,§6 Ownership Matrix M03/M04/M05/M06/Bank Rules/Scenario,SRC-DOC-M06-P-00094,,
INV-0037,M06,calculation_snapshot,Cross-tenant GET is denied without existence leak; no raw PDF or full IIN appears in logs/audit/export.,,M06_CASA_Pro_Calculation_Engine_Implementation_and_Acceptance_v1.1,Required E2E assertions|§20 Security / audit,SRC-DOC-M06-I-00374|SRC-DOC-M06-I-00273,,
INV-0038,M06,case,Field: tenant_id / case_id; Contract: M01 access scope; no cross-tenant existence leak.,,M06_CASA_Pro_Calculation_Engine_Production_Spec_v1.4|M06_CASA_Pro_Calculation_Engine_Implementation_and_Acceptance_v1.1,§21 Calculation run|§15 Calculation run,SRC-DOC-M06-P-00268|SRC-DOC-M06-I-00200,,
INV-0039,M06,client_profile_snapshot,Field: client_profile_snapshot_id/hash; Contract: Required and immutable; sole profile data source.,,M06_CASA_Pro_Calculation_Engine_Production_Spec_v1.4|M06_CASA_Pro_Calculation_Engine_Implementation_and_Acceptance_v1.1,§21 Calculation run|§15 Calculation run|§2 Назначение,SRC-DOC-M06-P-00270|SRC-DOC-M06-I-00202|SRC-DOC-M06-I-00027,,
INV-0040,M06,client_profile_snapshot,Block: Profile; Required content: client_profile_snapshot_id/hash/schema; Invariant: no raw PDF,,M06_CASA_Pro_Calculation_Engine_Production_Spec_v1.4|M06_CASA_Pro_Calculation_Engine_Implementation_and_Acceptance_v1.1,§22 Calculation snapshot|§16 Calculation snapshot,SRC-DOC-M06-P-00282|SRC-DOC-M06-I-00225,,
