api_id,module_id,method,source_path,canonical_path,scope_type,purpose,request,response,preconditions,authorization,consent_requirement,idempotency,concurrency,error_behavior,forbidden_behavior,source_documents,source_sections,governance_decision_id,status
API-M01-001,M01,POST,/api/v2/cases,/api/v2/cases,CASE_SCOPED,API surface: POST /api/v2/cases; Контракт: Idempotent case create; tenant ownership + audit.,API surface: POST /api/v2/cases; Контракт: Idempotent case create; tenant ownership + audit.,,,API surface: POST /api/v2/cases; Контракт: Idempotent case create; tenant ownership + audit.,,API surface: POST /api/v2/cases; Контракт: Idempotent case create; tenant ownership + audit.,,,,M01_CASA_Pro_Client_and_Consent_Implementation_and_Acceptance_v1.1,Consent preflight,,APPROVED
API-M01-002,M01,POST,/api/v2/cases/{case_id}/participants,/api/v2/cases/{case_id}/participants,CASE_SCOPED,API surface: POST /api/v2/cases/{case_id}/participants; Контракт: Отдельный participant/role; no consent inheritance.,API surface: POST /api/v2/cases/{case_id}/participants; Контракт: Отдельный participant/role; no consent inheritance.,,,,API surface: POST /api/v2/cases/{case_id}/participants; Контракт: Отдельный participant/role; no consent inheritance.,,,,,M01_CASA_Pro_Client_and_Consent_Implementation_and_Acceptance_v1.1,Consent preflight,,APPROVED
API-M01-003,M01,POST,/api/v2/participants/{participant_id}/identity-versions,/api/v2/participants/{participant_id}/identity-versions,PARTICIPANT_SCOPED,API surface: POST /api/v2/participants/{participant_id}/identity-versions; Контракт: New immutable version; old refs preserved.,API surface: POST /api/v2/participants/{participant_id}/identity-versions; Контракт: New immutable version; old refs preserved.,,,,,,,,,M01_CASA_Pro_Client_and_Consent_Implementation_and_Acceptance_v1.1,Consent preflight,,APPROVED
API-M01-004,M01,POST,/api/v2/participants/{participant_id}/consent-requests,/api/v2/participants/{participant_id}/consent-requests,PARTICIPANT_SCOPED,API surface: POST /api/v2/participants/{participant_id}/consent-requests; Контракт: Request exact approved text/purposes; channel adapter only if enabled.,API surface: POST /api/v2/participants/{participant_id}/consent-requests; Контракт: Request exact approved text/purposes; channel adapter only if enabled.,,,,API surface: POST /api/v2/participants/{participant_id}/consent-requests; Контракт: Request exact approved text/purposes; channel adapter only if enabled.,,,,,M01_CASA_Pro_Client_and_Consent_Implementation_and_Acceptance_v1.1,Consent preflight,,APPROVED
API-M01-005,M01,POST,/api/v2/consents/{consent_id}:record-confirmation,/api/v2/consents/{consent_id}:record-confirmation,RESOURCE_SCOPED,API surface: POST /api/v2/consents/{consent_id}:record-confirmation; Контракт: Internal approved adapter + evidence validation; broker impersonation forbidden.,API surface: POST /api/v2/consents/{consent_id}:record-confirmation; Контракт: Internal approved adapter + evidence validation; broker impersonation forbidden.,,,,API surface: POST /api/v2/consents/{consent_id}:record-confirmation; Контракт: Internal approved adapter + evidence validation; broker impersonation forbidden.,,,,,M01_CASA_Pro_Client_and_Consent_Implementation_and_Acceptance_v1.1,Consent preflight,,APPROVED
API-M01-006,M01,POST,/api/v2/consents/{consent_id}:revoke,/api/v2/consents/{consent_id}:revoke,RESOURCE_SCOPED,API surface: POST /api/v2/consents/{consent_id}:revoke; Контракт: Append-only revoke event + policy evaluation.,API surface: POST /api/v2/consents/{consent_id}:revoke; Контракт: Append-only revoke event + policy evaluation.,,,,API surface: POST /api/v2/consents/{consent_id}:revoke; Контракт: Append-only revoke event + policy evaluation.,,,,,M01_CASA_Pro_Client_and_Consent_Implementation_and_Acceptance_v1.1,Consent preflight,,APPROVED
API-M01-007,M01,POST,/api/v2/consent-preflight,/api/v2/consent-preflight,INTERNAL,API surface: POST /api/v2/consent-preflight; Контракт: Allow/deny for exact participant/identity/action/purpose; emits audit ref.,API surface: POST /api/v2/consent-preflight; Контракт: Allow/deny for exact participant/identity/action/purpose; emits audit ref.,,,,API surface: POST /api/v2/consent-preflight; Контракт: Allow/deny for exact participant/identity/action/purpose; emits audit ref.,,,,,M01_CASA_Pro_Client_and_Consent_Implementation_and_Acceptance_v1.1,Consent preflight,,APPROVED
API-M02-001,M02,POST,/api/v2/mortgage-cases/{case_id}/iin-check-batches,/api/v2/cases/{case_id}/iin-check-batches,CASE_SCOPED,Метод: POST; Endpoint: /api/v2/mortgage-cases/{case_id}/iin-check-batches; Контракт: Создать batch; требует Idempotency-Key и consent,Метод: POST; Endpoint: /api/v2/mortgage-cases/{case_id}/iin-check-batches; Контракт: Создать batch; требует Idempotency-Key и consent,,,,Метод: POST; Endpoint: /api/v2/mortgage-cases/{case_id}/iin-check-batches; Контракт: Создать batch; требует Idempotency-Key и consent,Метод: POST; Endpoint: /api/v2/mortgage-cases/{case_id}/iin-check-batches; Контракт: Создать batch; требует Idempotency-Key и consent,,,,CASA_Pro_IIN_Check_Final_Spec_KZ_2026-08-21,§8.5 API CASA,DEC-API-001,APPROVED
API-M02-002,M02,GET,/api/v2/iin-check-batches/{batch_id},/api/v2/iin-check-batches/{batch_id},RESOURCE_SCOPED,Метод: GET; Endpoint: /api/v2/iin-check-batches/{batch_id}; Контракт: Batch + coverage; ИИН маскирован,,Метод: GET; Endpoint: /api/v2/iin-check-batches/{batch_id}; Контракт: Batch + coverage; ИИН маскирован,,,,,,,,CASA_Pro_IIN_Check_Final_Spec_KZ_2026-08-21,§8.5 API CASA,,APPROVED
API-M02-003,M02,GET,/api/v2/iin-check-batches/{batch_id}/results,/api/v2/iin-check-batches/{batch_id}/results,RESOURCE_SCOPED,Метод: GET; Endpoint: /api/v2/iin-check-batches/{batch_id}/results; Контракт: Поисточниковые results,,Метод: GET; Endpoint: /api/v2/iin-check-batches/{batch_id}/results; Контракт: Поисточниковые results,,,,,,,,CASA_Pro_IIN_Check_Final_Spec_KZ_2026-08-21,§8.5 API CASA,,APPROVED
API-M02-004,M02,POST,/api/v2/iin-check-results/{result_id}/retry,/api/v2/iin-check-results/{result_id}/retry,RESOURCE_SCOPED,Метод: POST; Endpoint: /api/v2/iin-check-results/{result_id}/retry; Контракт: Только retryable source error; новый attempt,Метод: POST; Endpoint: /api/v2/iin-check-results/{result_id}/retry; Контракт: Только retryable source error; новый attempt,,,,,,,Метод: POST; Endpoint: /api/v2/iin-check-results/{result_id}/retry; Контракт: Только retryable source error; новый attempt,,CASA_Pro_IIN_Check_Final_Spec_KZ_2026-08-21,§8.5 API CASA,,APPROVED
API-M02-005,M02,POST,/api/v2/manual-check-tasks/{task_id}/confirm,/api/v2/manual-check-tasks/{task_id}/confirm,RESOURCE_SCOPED,Метод: POST; Endpoint: /api/v2/manual-check-tasks/{task_id}/confirm; Контракт: Actor + observed outcome + evidence; не меняет прошлое,Метод: POST; Endpoint: /api/v2/manual-check-tasks/{task_id}/confirm; Контракт: Actor + observed outcome + evidence; не меняет прошлое,,,,,,,,Метод: POST; Endpoint: /api/v2/manual-check-tasks/{task_id}/confirm; Контракт: Actor + observed outcome + evidence; не меняет прошлое,CASA_Pro_IIN_Check_Final_Spec_KZ_2026-08-21,§8.5 API CASA,,APPROVED
API-M02-006,M02,POST,/api/v2/iin-check-batches/{batch_id}/refresh,/api/v2/iin-check-batches/{batch_id}/refresh,RESOURCE_SCOPED,"Метод: POST; Endpoint: /api/v2/iin-check-batches/{batch_id}/refresh; Контракт: Новый batch, старый immutable/superseded","Метод: POST; Endpoint: /api/v2/iin-check-batches/{batch_id}/refresh; Контракт: Новый batch, старый immutable/superseded",,,,,,,,,CASA_Pro_IIN_Check_Final_Spec_KZ_2026-08-21,§8.5 API CASA,,APPROVED
API-M03-001,M03,POST,/api/v2/cases/{caseId}/participants/{participantId}/credit-reports/upload-grant,/api/v2/cases/{caseId}/participants/{participantId}/credit-reports/upload-grant,CASE_SCOPED,Method: POST; Endpoint: /api/v2/cases/{caseId}/participants/{participantId}/credit-reports/upload-grant; Назначение: Одноразовый upload grant после consent/ACL check,Method: POST; Endpoint: /api/v2/cases/{caseId}/participants/{participantId}/credit-reports/upload-grant; Назначение: Одноразовый upload grant после consent/ACL check,,,Method: POST; Endpoint: /api/v2/cases/{caseId}/participants/{participantId}/credit-reports/upload-grant; Назначение: Одноразовый upload grant после consent/ACL check,Method: POST; Endpoint: /api/v2/cases/{caseId}/participants/{participantId}/credit-reports/upload-grant; Назначение: Одноразовый upload grant после consent/ACL check,,,,,CASA_Pro_Credit_History_Engine_Final_Spec_KZ_2026-08-21,§15.1 Command/API surface,,APPROVED
API-M03-002,M03,POST,/api/v2/credit-reports/{reportId}/versions/{versionId}:process,/api/v2/credit-reports/{reportId}/versions/{versionId}:process,RESOURCE_SCOPED,Method: POST; Endpoint: /api/v2/credit-reports/{reportId}/versions/{versionId}:process; Назначение: Idempotent start/retry parse; Idempotency-Key required,Method: POST; Endpoint: /api/v2/credit-reports/{reportId}/versions/{versionId}:process; Назначение: Idempotent start/retry parse; Idempotency-Key required,,,,,Method: POST; Endpoint: /api/v2/credit-reports/{reportId}/versions/{versionId}:process; Назначение: Idempotent start/retry parse; Idempotency-Key required,,,,CASA_Pro_Credit_History_Engine_Final_Spec_KZ_2026-08-21,§15.1 Command/API surface,,APPROVED
API-M03-003,M03,GET,/api/v2/credit-reports/{reportId},/api/v2/credit-reports/{reportId},RESOURCE_SCOPED,"Method: GET; Endpoint: /api/v2/credit-reports/{reportId}; Назначение: Шапка, versions, statuses",,"Method: GET; Endpoint: /api/v2/credit-reports/{reportId}; Назначение: Шапка, versions, statuses",,,,,,,,CASA_Pro_Credit_History_Engine_Final_Spec_KZ_2026-08-21,§15.1 Command/API surface,,APPROVED
API-M03-004,M03,GET,/api/v2/credit-reports/{reportId}/versions/{versionId}/results,/api/v2/credit-reports/{reportId}/versions/{versionId}/results,RESOURCE_SCOPED,"Method: GET; Endpoint: /api/v2/credit-reports/{reportId}/versions/{versionId}/results; Назначение: Facts, source records, lineages, profiles, reconciliation",,"Method: GET; Endpoint: /api/v2/credit-reports/{reportId}/versions/{versionId}/results; Назначение: Facts, source records, lineages, profiles, reconciliation",,,,,,,,CASA_Pro_Credit_History_Engine_Final_Spec_KZ_2026-08-21,§15.1 Command/API surface,,APPROVED
API-M03-005,M03,GET,/api/v2/credit-reports/{reportId}/review-tasks,/api/v2/credit-reports/{reportId}/review-tasks,RESOURCE_SCOPED,"Method: GET; Endpoint: /api/v2/credit-reports/{reportId}/review-tasks; Назначение: Очередь review, фильтры severity/type/status",,"Method: GET; Endpoint: /api/v2/credit-reports/{reportId}/review-tasks; Назначение: Очередь review, фильтры severity/type/status",,,,,,,,CASA_Pro_Credit_History_Engine_Final_Spec_KZ_2026-08-21,§15.1 Command/API surface,,APPROVED
API-M03-006,M03,POST,/api/v2/credit-reports/{reportId}/review-tasks/{taskId}:resolve,/api/v2/credit-reports/{reportId}/review-tasks/{taskId}:resolve,RESOURCE_SCOPED,Method: POST; Endpoint: /api/v2/credit-reports/{reportId}/review-tasks/{taskId}:resolve; Назначение: Accept/correct/reject/waive с reason и If-Match,Method: POST; Endpoint: /api/v2/credit-reports/{reportId}/review-tasks/{taskId}:resolve; Назначение: Accept/correct/reject/waive с reason и If-Match,,,,,,Method: POST; Endpoint: /api/v2/credit-reports/{reportId}/review-tasks/{taskId}:resolve; Назначение: Accept/correct/reject/waive с reason и If-Match,,,CASA_Pro_Credit_History_Engine_Final_Spec_KZ_2026-08-21,§15.1 Command/API surface,,APPROVED
API-M03-007,M03,POST,/api/v2/credit-reports/{reportId}/lineage-links/{linkId}:decide,/api/v2/credit-reports/{reportId}/lineage-links/{linkId}:decide,RESOURCE_SCOPED,Method: POST; Endpoint: /api/v2/credit-reports/{reportId}/lineage-links/{linkId}:decide; Назначение: Merge/keep/split с evidence/reason,Method: POST; Endpoint: /api/v2/credit-reports/{reportId}/lineage-links/{linkId}:decide; Назначение: Merge/keep/split с evidence/reason,,,,,,,,,CASA_Pro_Credit_History_Engine_Final_Spec_KZ_2026-08-21,§15.1 Command/API surface,,APPROVED
API-M03-008,M03,POST,/api/v2/credit-reports/{reportId}:verify-authenticity-manually,/api/v2/credit-reports/{reportId}:verify-authenticity-manually,RESOURCE_SCOPED,Method: POST; Endpoint: /api/v2/credit-reports/{reportId}:verify-authenticity-manually; Назначение: Зафиксировать manual bureau check; evidence required,Method: POST; Endpoint: /api/v2/credit-reports/{reportId}:verify-authenticity-manually; Назначение: Зафиксировать manual bureau check; evidence required,,,,,,,,,CASA_Pro_Credit_History_Engine_Final_Spec_KZ_2026-08-21,§15.1 Command/API surface,,APPROVED
API-M03-009,M03,POST,/api/v2/credit-reports/{reportId}:publish-snapshot,/api/v2/credit-reports/{reportId}:publish-snapshot,RESOURCE_SCOPED,Method: POST; Endpoint: /api/v2/credit-reports/{reportId}:publish-snapshot; Назначение: Проверить gates и создать immutable snapshot,Method: POST; Endpoint: /api/v2/credit-reports/{reportId}:publish-snapshot; Назначение: Проверить gates и создать immutable snapshot,,,,,,,,,CASA_Pro_Credit_History_Engine_Final_Spec_KZ_2026-08-21,§15.1 Command/API surface,,APPROVED
API-M03-010,M03,GET,/api/v2/credit-history-snapshots/{snapshotId},/api/v2/credit-history-snapshots/{snapshotId},RESOURCE_SCOPED,Method: GET; Endpoint: /api/v2/credit-history-snapshots/{snapshotId}; Назначение: Нейтральный published payload,,Method: GET; Endpoint: /api/v2/credit-history-snapshots/{snapshotId}; Назначение: Нейтральный published payload,,,,,,,,CASA_Pro_Credit_History_Engine_Final_Spec_KZ_2026-08-21,§15.1 Command/API surface,,APPROVED
API-M03-011,M03,POST,/api/v2/credit-reports/{reportId}:supersede,/api/v2/credit-reports/{reportId}:supersede,RESOURCE_SCOPED,Method: POST; Endpoint: /api/v2/credit-reports/{reportId}:supersede; Назначение: Привязать новую report version; не hard delete,Method: POST; Endpoint: /api/v2/credit-reports/{reportId}:supersede; Назначение: Привязать новую report version; не hard delete,,,,,,,,Method: POST; Endpoint: /api/v2/credit-reports/{reportId}:supersede; Назначение: Привязать новую report version; не hard delete,CASA_Pro_Credit_History_Engine_Final_Spec_KZ_2026-08-21,§15.1 Command/API surface,,APPROVED
API-M04-001,M04,POST,/api/v2/cases/{caseId}/pension-documents,/api/v2/cases/{caseId}/pension-documents,CASE_SCOPED,Method: POST; Path: /api/v2/cases/{caseId}/pension-documents; Purpose: Upload metadata + signed upload intent,Method: POST; Path: /api/v2/cases/{caseId}/pension-documents; Purpose: Upload metadata + signed upload intent,,,,,,,,,03_CASA_Pro_Pension_Contribution_Engine_Final_Spec_KZ_2026-08-21,"§13 API, gates и ошибки",,APPROVED
API-M04-002,M04,POST,/api/v2/pension-documents/{id}:complete-upload,/api/v2/pension-documents/{id}:complete-upload,RESOURCE_SCOPED,Method: POST; Path: /api/v2/pension-documents/{id}:complete-upload; Purpose: Hash/scan/quarantine/classify,Method: POST; Path: /api/v2/pension-documents/{id}:complete-upload; Purpose: Hash/scan/quarantine/classify,,,,,,,,,03_CASA_Pro_Pension_Contribution_Engine_Final_Spec_KZ_2026-08-21,"§13 API, gates и ошибки",,APPROVED
API-M04-003,M04,POST,/api/v2/pension-documents/{id}:parse,/api/v2/pension-documents/{id}:parse,RESOURCE_SCOPED,Method: POST; Path: /api/v2/pension-documents/{id}:parse; Purpose: Create parse_run; idempotency=documentHash+parserVersion,Method: POST; Path: /api/v2/pension-documents/{id}:parse; Purpose: Create parse_run; idempotency=documentHash+parserVersion,,,,,Method: POST; Path: /api/v2/pension-documents/{id}:parse; Purpose: Create parse_run; idempotency=documentHash+parserVersion,,,,03_CASA_Pro_Pension_Contribution_Engine_Final_Spec_KZ_2026-08-21,"§13 API, gates и ошибки",,APPROVED
API-M04-004,M04,GET,/api/v2/pension-documents/{id}/review,/api/v2/pension-documents/{id}/review,RESOURCE_SCOPED,Method: GET; Path: /api/v2/pension-documents/{id}/review; Purpose: Header/rows/months/senders/tasks/evidence refs,,Method: GET; Path: /api/v2/pension-documents/{id}/review; Purpose: Header/rows/months/senders/tasks/evidence refs,,,,,,,,03_CASA_Pro_Pension_Contribution_Engine_Final_Spec_KZ_2026-08-21,"§13 API, gates и ошибки",,APPROVED
API-M04-005,M04,PATCH,/api/v2/pension-records/{id},/api/v2/pension-records/{id},RESOURCE_SCOPED,Method: PATCH; Path: /api/v2/pension-records/{id}; Purpose: Reviewed correction with If-Match + reason,Method: PATCH; Path: /api/v2/pension-records/{id}; Purpose: Reviewed correction with If-Match + reason,,,,,,Method: PATCH; Path: /api/v2/pension-records/{id}; Purpose: Reviewed correction with If-Match + reason,,,03_CASA_Pro_Pension_Contribution_Engine_Final_Spec_KZ_2026-08-21,"§13 API, gates и ошибки",,APPROVED
API-M04-006,M04,POST,/api/v2/pension-documents/{id}:confirm,/api/v2/pension-documents/{id}:confirm,RESOURCE_SCOPED,Method: POST; Path: /api/v2/pension-documents/{id}:confirm; Purpose: Close gates; create confirmed fact revision,Method: POST; Path: /api/v2/pension-documents/{id}:confirm; Purpose: Close gates; create confirmed fact revision,,,,,,,,,03_CASA_Pro_Pension_Contribution_Engine_Final_Spec_KZ_2026-08-21,"§13 API, gates и ошибки",,APPROVED
API-M04-007,M04,POST,/api/v2/pension-documents/{id}:publish-snapshot,/api/v2/pension-documents/{id}:publish-snapshot,RESOURCE_SCOPED,Method: POST; Path: /api/v2/pension-documents/{id}:publish-snapshot; Purpose: Immutable snapshot or gate failures,Method: POST; Path: /api/v2/pension-documents/{id}:publish-snapshot; Purpose: Immutable snapshot or gate failures,,,,,,,,,03_CASA_Pro_Pension_Contribution_Engine_Final_Spec_KZ_2026-08-21,"§13 API, gates и ошибки",,APPROVED
API-M04-008,M04,GET,/api/v2/pension-contribution-snapshots/{id},/api/v2/pension-contribution-snapshots/{id},RESOURCE_SCOPED,Method: GET; Path: /api/v2/pension-contribution-snapshots/{id}; Purpose: Stable neutral payload,,Method: GET; Path: /api/v2/pension-contribution-snapshots/{id}; Purpose: Stable neutral payload,,,,,,,,03_CASA_Pro_Pension_Contribution_Engine_Final_Spec_KZ_2026-08-21,"§13 API, gates и ошибки",,APPROVED
API-M05-001,M05,GET,/api/v2/cases/{caseId}/client-profile,/api/v2/cases/{caseId}/client-profile,CASE_SCOPED,Method: GET; Endpoint: /api/v2/cases/{caseId}/client-profile; Назначение: анкета + section statuses + source refs,,Method: GET; Endpoint: /api/v2/cases/{caseId}/client-profile; Назначение: анкета + section statuses + source refs,,,,,,,,04_CASA_Pro_Client_Profile_Final_Spec_KZ_2026-08-21|M05_CASA_Pro_Client_Profile_Implementation_and_Acceptance_v1.1,§16 API / события — минимальный surface|API surface — namespace compatibility,,APPROVED
API-M05-002,M05,PATCH,/api/v2/cases/{caseId}/client-profile,/api/v2/cases/{caseId}/client-profile,CASE_SCOPED,Method: PATCH; Endpoint: /api/v2/cases/{caseId}/client-profile; Назначение: редактируемые goal/household поля с If-Match,Method: PATCH; Endpoint: /api/v2/cases/{caseId}/client-profile; Назначение: редактируемые goal/household поля с If-Match,,,,,,Method: PATCH; Endpoint: /api/v2/cases/{caseId}/client-profile; Назначение: редактируемые goal/household поля с If-Match,,,04_CASA_Pro_Client_Profile_Final_Spec_KZ_2026-08-21|M05_CASA_Pro_Client_Profile_Implementation_and_Acceptance_v1.1,§16 API / события — минимальный surface|API surface — namespace compatibility,,APPROVED
API-M05-003,M05,POST,/api/v2/cases/{caseId}/participants,/api/v2/cases/{caseId}/participants,CASE_SCOPED,Method: POST; Endpoint: /api/v2/cases/{caseId}/participants; Назначение: добавить spouse/co-borrower/participant,Method: POST; Endpoint: /api/v2/cases/{caseId}/participants; Назначение: добавить spouse/co-borrower/participant,,,,,,,,,04_CASA_Pro_Client_Profile_Final_Spec_KZ_2026-08-21|M05_CASA_Pro_Client_Profile_Implementation_and_Acceptance_v1.1,§16 API / события — минимальный surface|API surface — namespace compatibility,,APPROVED
API-M05-004,M05,POST/PATCH,/api/v2/employments,/api/v2/employments,RESOURCE_SCOPED,Method: POST/PATCH; Endpoint: /api/v2/employments; Назначение: занятость,Method: POST/PATCH; Endpoint: /api/v2/employments; Назначение: занятость,,,,,,,,,04_CASA_Pro_Client_Profile_Final_Spec_KZ_2026-08-21|M05_CASA_Pro_Client_Profile_Implementation_and_Acceptance_v1.1,§16 API / события — минимальный surface|API surface — namespace compatibility,,APPROVED
API-M05-005,M05,POST/PATCH,/api/v2/income-sources,/api/v2/income-sources,RESOURCE_SCOPED,Method: POST/PATCH; Endpoint: /api/v2/income-sources; Назначение: источник дохода,Method: POST/PATCH; Endpoint: /api/v2/income-sources; Назначение: источник дохода,,,,,,,,,04_CASA_Pro_Client_Profile_Final_Spec_KZ_2026-08-21|M05_CASA_Pro_Client_Profile_Implementation_and_Acceptance_v1.1,§16 API / события — минимальный surface|API surface — namespace compatibility,,APPROVED
API-M05-006,M05,POST/PATCH,/api/v2/assets,/api/v2/assets,RESOURCE_SCOPED,Method: POST/PATCH; Endpoint: /api/v2/assets; Назначение: актив,Method: POST/PATCH; Endpoint: /api/v2/assets; Назначение: актив,,,,,,,,,04_CASA_Pro_Client_Profile_Final_Spec_KZ_2026-08-21|M05_CASA_Pro_Client_Profile_Implementation_and_Acceptance_v1.1,§16 API / события — минимальный surface|API surface — namespace compatibility,,APPROVED
API-M05-007,M05,POST/PATCH,/api/v2/down-payment-sources,/api/v2/down-payment-sources,RESOURCE_SCOPED,Method: POST/PATCH; Endpoint: /api/v2/down-payment-sources; Назначение: источник взноса,Method: POST/PATCH; Endpoint: /api/v2/down-payment-sources; Назначение: источник взноса,,,,,,,,,04_CASA_Pro_Client_Profile_Final_Spec_KZ_2026-08-21|M05_CASA_Pro_Client_Profile_Implementation_and_Acceptance_v1.1,§16 API / события — минимальный surface|API surface — namespace compatibility,,APPROVED
API-M05-008,M05,POST/PATCH,/api/v2/non-credit-commitments,/api/v2/non-credit-commitments,RESOURCE_SCOPED,Method: POST/PATCH; Endpoint: /api/v2/non-credit-commitments; Назначение: обязательства вне ПКО,Method: POST/PATCH; Endpoint: /api/v2/non-credit-commitments; Назначение: обязательства вне ПКО,,,,,,,,Method: POST/PATCH; Endpoint: /api/v2/non-credit-commitments; Назначение: обязательства вне ПКО,04_CASA_Pro_Client_Profile_Final_Spec_KZ_2026-08-21|M05_CASA_Pro_Client_Profile_Implementation_and_Acceptance_v1.1,§16 API / события — минимальный surface|API surface — namespace compatibility,,APPROVED
API-M05-009,M05,POST,/api/v2/cases/{caseId}/client-profile:reconcile,/api/v2/cases/{caseId}/client-profile:reconcile,CASE_SCOPED,Method: POST; Endpoint: /api/v2/cases/{caseId}/client-profile:reconcile; Назначение: пересчитать completeness/conflicts,Method: POST; Endpoint: /api/v2/cases/{caseId}/client-profile:reconcile; Назначение: пересчитать completeness/conflicts,,,,,,,,,04_CASA_Pro_Client_Profile_Final_Spec_KZ_2026-08-21|M05_CASA_Pro_Client_Profile_Implementation_and_Acceptance_v1.1,§16 API / события — минимальный surface|API surface — namespace compatibility,,APPROVED
API-M05-010,M05,POST,/api/v2/cases/{caseId}/client-profile:publish-snapshot,/api/v2/cases/{caseId}/client-profile:publish-snapshot,CASE_SCOPED,Method: POST; Endpoint: /api/v2/cases/{caseId}/client-profile:publish-snapshot; Назначение: publish immutable snapshot после gates,Method: POST; Endpoint: /api/v2/cases/{caseId}/client-profile:publish-snapshot; Назначение: publish immutable snapshot после gates,,,,,,,,,04_CASA_Pro_Client_Profile_Final_Spec_KZ_2026-08-21|M05_CASA_Pro_Client_Profile_Implementation_and_Acceptance_v1.1,§16 API / события — минимальный surface|API surface — namespace compatibility,,APPROVED
API-M06-001,M06,POST,/api/v2/cases/{caseId}/calculation-runs,/api/v2/cases/{caseId}/calculation-runs,CASE_SCOPED,Method: POST; Path: /api/v2/cases/{caseId}/calculation-runs; Purpose: Create deterministic run; Idempotency-Key required.,Method: POST; Path: /api/v2/cases/{caseId}/calculation-runs; Purpose: Create deterministic run; Idempotency-Key required.,,,,,Method: POST; Path: /api/v2/cases/{caseId}/calculation-runs; Purpose: Create deterministic run; Idempotency-Key required.,,,,M06_CASA_Pro_Calculation_Engine_Implementation_and_Acceptance_v1.1,API surface,,APPROVED
API-M06-002,M06,GET,/api/v2/cases/{caseId}/calculation-runs/{runId},/api/v2/cases/{caseId}/calculation-runs/{runId},CASE_SCOPED,Method: GET; Path: /api/v2/cases/{caseId}/calculation-runs/{runId}; Purpose: Read run/results/blockers in case scope.,,Method: GET; Path: /api/v2/cases/{caseId}/calculation-runs/{runId}; Purpose: Read run/results/blockers in case scope.,,,,,,,,M06_CASA_Pro_Calculation_Engine_Implementation_and_Acceptance_v1.1,API surface,,APPROVED
API-M06-003,M06,GET,/api/v2/cases/{caseId}/calculation-snapshots/{snapshotId},/api/v2/cases/{caseId}/calculation-snapshots/{snapshotId},CASE_SCOPED,Method: GET; Path: /api/v2/cases/{caseId}/calculation-snapshots/{snapshotId}; Purpose: Read immutable published snapshot.,,Method: GET; Path: /api/v2/cases/{caseId}/calculation-snapshots/{snapshotId}; Purpose: Read immutable published snapshot.,,,,,,,,M06_CASA_Pro_Calculation_Engine_Implementation_and_Acceptance_v1.1,API surface,,APPROVED
