module_id,code,type,internal_meaning,broker_text_ru,condition,allowed_action,blocked_action,downstream_effect,source_document,source_section
M01,NOT_REQUESTED / CONSENT_REQUIRED,STATE,Требуется согласие,Все protected actions blocked,Требуется согласие,Для этого действия нужно действующее согласие клиента.,Запросить согласие,Все protected actions blocked,M01_CASA_Pro_Client_and_Consent_Implementation_and_Acceptance_v1.1,§18 Statuses / human messages
M01,PENDING (demo/current UI),STATE,Ожидается ответ,Открыть детали / отменить по policy,Ожидается ответ,Запрос отправлен. Ожидаем ответ клиента.,Открыть детали / отменить по policy,Processing blocked,M01_CASA_Pro_Client_and_Consent_Implementation_and_Acceptance_v1.1,§18 Statuses / human messages
M01,ACTIVE,STATE,Согласие действует,Только matching purpose allowed,Согласие действует,Согласие подтверждено для перечисленных действий.,Открыть scope / отозвать,Только matching purpose allowed,M01_CASA_Pro_Client_and_Consent_Implementation_and_Acceptance_v1.1,§18 Statuses / human messages
M01,EXPIRED,STATE,Срок завершён,Запросить новое,Срок завершён,Срок действия согласия завершён. Нужно новое согласие.,Запросить новое,New actions blocked,M01_CASA_Pro_Client_and_Consent_Implementation_and_Acceptance_v1.1,§18 Statuses / human messages
M01,REVOKED,STATE,Отозвано,Открыть историю,Отозвано,Согласие отозвано. Новые действия остановлены.,Открыть историю,New actions/refresh/snapshot blocked,M01_CASA_Pro_Client_and_Consent_Implementation_and_Acceptance_v1.1,§18 Statuses / human messages
M01,SUPERSEDED,STATE,Нужна новая версия,Запросить новую версию,Нужна новая версия,Требуется согласие на новую версию текста или целей.,Запросить новую версию,Old grant cannot expand,M01_CASA_Pro_Client_and_Consent_Implementation_and_Acceptance_v1.1,§18 Statuses / human messages
M01,PURPOSE_MISMATCH,STATE,Не подходит к действию,Запросить нужный scope,Не подходит к действию,Это согласие не разрешает выбранное действие.,Запросить нужный scope,Exact action denied,M01_CASA_Pro_Client_and_Consent_Implementation_and_Acceptance_v1.1,§18 Statuses / human messages
M01,IDENTITY_VERSION_MISMATCH,STATE,Изменились данные личности,Запросить новое,Изменились данные личности,После изменения идентификатора требуется актуальное согласие.,Запросить новое,Old identity grant not reused,M01_CASA_Pro_Client_and_Consent_Implementation_and_Acceptance_v1.1,§18 Statuses / human messages
M01,EVIDENCE_INVALID,STATE,Не подтверждено,Повторить approved flow / review,Не подтверждено,Подтверждение согласия не доказано.,Повторить approved flow / review,No ACTIVE status,M01_CASA_Pro_Client_and_Consent_Implementation_and_Acceptance_v1.1,§18 Statuses / human messages
M01,ACCESS_DENIED,STATE,Доступ запрещён,Вернуться / обратиться к администратору,Доступ запрещён,У вас нет доступа к этому клиенту или действию.,Вернуться / обратиться к администратору,No existence details,M01_CASA_Pro_Client_and_Consent_Implementation_and_Acceptance_v1.1,§18 Statuses / human messages
M01,NOT_INCLUDED,STATE,Не включён в анализ,Изменить только по разрешённому flow,Не включён в анализ,Участник не включён в текущий анализ.,Изменить только по разрешённому flow,No data processing,M01_CASA_Pro_Client_and_Consent_Implementation_and_Acceptance_v1.1,§18 Statuses / human messages
M02,A-01,ERROR,`source_check` имеет scope `global_reference` и связан с `rule_source/program_version`.,"Создать tenant-owned `client_check_batch`, `client_check_result`, `client_check_fact`; не переиспользовать `source_check`.",`source_check` имеет scope `global_reference` и связан с `rule_source/program_version`.,"Это мониторинг банковских правил, не запись проверки клиента.","Создать tenant-owned `client_check_batch`, `client_check_result`, `client_check_fact`; не переиспользовать `source_check`.",,CASA_Pro_IIN_Check_Final_Spec_KZ_2026-08-21,"Ошибки и опасные предположения, которые надо исправить"
M02,A-02,ERROR,UI показывает общий зелёный статус «Проверено: записей нет».,"Показывать покрытие: «3 из 7 завершено», затем поисточниковые результаты.",UI показывает общий зелёный статус «Проверено: записей нет».,"Не видно, какие источники отвечали, какие были недоступны/ручные.","Показывать покрытие: «3 из 7 завершено», затем поисточниковые результаты.",,CASA_Pro_IIN_Check_Final_Spec_KZ_2026-08-21,"Ошибки и опасные предположения, которые надо исправить"
M02,A-03,ERROR,Одна кнопка без precondition/gate semantics.,"До первого вызова: checksum ИИН, active consent, source manifest, legal flag, токен, rate limit.",Одна кнопка без precondition/gate semantics.,Можно запустить обработку без предметного согласия или legal approval.,"До первого вызова: checksum ИИН, active consent, source manifest, legal flag, токен, rate limit.",,CASA_Pro_IIN_Check_Final_Spec_KZ_2026-08-21,"Ошибки и опасные предположения, которые надо исправить"
M02,A-04,ERROR,Не определён контракт результата `no_records` по каждому источнику.,`not_found` только по документированному upstream no-match/полной успешной выборке.,Не определён контракт результата `no_records` по каждому источнику.,"HTTP 404/403, CAPTCHA и пустой ответ могут ошибочно стать «ничего не найдено».",`not_found` только по документированному upstream no-match/полной успешной выборке.,,CASA_Pro_IIN_Check_Final_Spec_KZ_2026-08-21,"Ошибки и опасные предположения, которые надо исправить"
M02,A-05,ERROR,Нет доказуемой связи результата с источником/версией коннектора.,"Сохранять source URL, request/response IDs, source_data_as_of, connector version, evidence hash.",Нет доказуемой связи результата с источником/версией коннектора.,Нельзя воспроизвести проверку и оспорить факт.,"Сохранять source URL, request/response IDs, source_data_as_of, connector version, evidence hash.",,CASA_Pro_IIN_Check_Final_Spec_KZ_2026-08-21,"Ошибки и опасные предположения, которые надо исправить"
M02,A-06,ERROR,В текущем `source_check` предлагается бессрочное хранение.,Обязательный `retention_policy_id`; raw payload по умолчанию не хранить.,В текущем `source_check` предлагается бессрочное хранение.,Для клиентских персональных данных это несоразмерно и не утверждено.,Обязательный `retention_policy_id`; raw payload по умолчанию не хранить.,,CASA_Pro_IIN_Check_Final_Spec_KZ_2026-08-21,"Ошибки и опасные предположения, которые надо исправить"
M02,A-07,ERROR,"Экран визуально смешивает документы, ИИН и последующий «решающий» блок.",Добавить явную маркировку «Факт источника — не решение банка» и отдельный слой интерпретации.,"Экран визуально смешивает документы, ИИН и последующий «решающий» блок.",Пользователь может принять факт реестра за банковский отказ/одобрение.,Добавить явную маркировку «Факт источника — не решение банка» и отдельный слой интерпретации.,,CASA_Pro_IIN_Check_Final_Spec_KZ_2026-08-21,"Ошибки и опасные предположения, которые надо исправить"
M02,Проверено,STATE,completed + outcome=zero/not_applicable или нейтральный факт,Нейтральный teal; иконка + текст,completed + outcome=zero/not_applicable или нейтральный факт,Проверено • источник • дата,Открыть детали / обновить,Нейтральный teal; иконка + текст,CASA_Pro_IIN_Check_Final_Spec_KZ_2026-08-21,§9 Состояния интерфейса
M02,Не найдено,STATE,completed + документированный not_found,Не писать «чисто/одобрено»,completed + документированный not_found,Записей не найдено в [источник],Открыть доказательство / обновить,Не писать «чисто/одобрено»,CASA_Pro_IIN_Check_Final_Spec_KZ_2026-08-21,§9 Состояния интерфейса
M02,Найдено,STATE,completed + outcome=found,"Amber, не автоматический красный отказ",completed + outcome=found,Найдена запись • это не решение банка,Открыть факты,"Amber, не автоматический красный отказ",CASA_Pro_IIN_Check_Final_Spec_KZ_2026-08-21,§9 Состояния интерфейса
M02,Требуется ручная проверка,STATE,manual_required,CAPTCHA остаётся человеку,manual_required,Нужна ручная проверка на официальном сайте,Открыть официальный сервис / подтвердить,CAPTCHA остаётся человеку,CASA_Pro_IIN_Check_Final_Spec_KZ_2026-08-21,§9 Состояния интерфейса
M02,Нужно согласие,STATE,consent_required,Блокирует вызов,consent_required,Нужно согласие клиента; запросы не выполнялись,Запросить согласие,Блокирует вызов,CASA_Pro_IIN_Check_Final_Spec_KZ_2026-08-21,§9 Состояния интерфейса
M02,Источник недоступен,STATE,source_unavailable,Не показывать not_found,source_unavailable,Источник временно недоступен,Повторить / ручная проверка,Не показывать not_found,CASA_Pro_IIN_Check_Final_Spec_KZ_2026-08-21,§9 Состояния интерфейса
M02,Источник устарел,STATE,stale или now > fresh_until,"Старый факт виден с датой, но coverage не complete",stale или now > fresh_until,Результат устарел,Обновить,"Старый факт виден с датой, но coverage не complete",CASA_Pro_IIN_Check_Final_Spec_KZ_2026-08-21,§9 Состояния интерфейса
M02,Юридический статус не подтверждён,STATE,legal_unconfirmed,Admin видит approval ID/gate,legal_unconfirmed,Автоматическая проверка недоступна: правовой допуск не подтверждён,Ручной разрешённый путь / нет действия,Admin видит approval ID/gate,CASA_Pro_IIN_Check_Final_Spec_KZ_2026-08-21,§9 Состояния интерфейса
M02,Нужен доступ,STATE,access_required,Риелтору — безопасный текст,access_required,Нет API-токена/одобрения владельца,Admin: настроить источник,Риелтору — безопасный текст,CASA_Pro_IIN_Check_Final_Spec_KZ_2026-08-21,§9 Состояния интерфейса
M02,Запрещено,STATE,not_allowed,Обычно скрыта; audit/admin only,not_allowed,Эта проверка не используется CASA,Нет,Обычно скрыта; audit/admin only,CASA_Pro_IIN_Check_Final_Spec_KZ_2026-08-21,§9 Состояния интерфейса
M02,Выполняется,STATE,queued/running,Отмена не гарантирует отмену upstream; refresh disabled,queued/running,Проверяем официальный источник…,Отмена не гарантирует отмену upstream; refresh disabled,Progress + source name,CASA_Pro_IIN_Check_Final_Spec_KZ_2026-08-21,§9 Состояния интерфейса
M02,Ошибка схемы/доказательства,STATE,error,Не превращать в unknown/not_found,error,Результат не подтверждён,Повторить / отправить на review,Не превращать в unknown/not_found,CASA_Pro_IIN_Check_Final_Spec_KZ_2026-08-21,§9 Состояния интерфейса
M02,queued / running,STATE,Проверяем официальный источник…,Progress + source name; не только цвет.,Проверяем официальный источник…,Подождать; refresh disabled,Incomplete,Progress + source name; не только цвет.,M02_CASA_Pro_IIN_Check_R0_Implementation_and_Acceptance_v1.0,§15 Statuses / human messages
M02,completed + found,STATE,"Найдена запись. Это факт официального источника, а не решение банка.","Amber, не красный банковский отказ.","Найдена запись. Это факт официального источника, а не решение банка.",Открыть факты,Completed; found,"Amber, не красный банковский отказ.",M02_CASA_Pro_IIN_Check_R0_Implementation_and_Acceptance_v1.0,§15 Statuses / human messages
M02,completed + not_found,STATE,Записей не найдено в [источник].,Только documented no-match.,Записей не найдено в [источник].,Открыть доказательство / обновить,Proven negative,Только documented no-match.,M02_CASA_Pro_IIN_Check_R0_Implementation_and_Acceptance_v1.0,§15 Statuses / human messages
M02,completed + zero/not_applicable,STATE,Проверено: [нейтральный исход] • [источник] • [дата].,Не писать «чисто/одобрено».,Проверено: [нейтральный исход] • [источник] • [дата].,Открыть детали / обновить,Completed,Не писать «чисто/одобрено».,M02_CASA_Pro_IIN_Check_R0_Implementation_and_Acceptance_v1.0,§15 Statuses / human messages
M02,manual_required,STATE,Нужна ручная проверка на официальном сайте.,CAPTCHA остаётся человеку.,Нужна ручная проверка на официальном сайте.,Открыть официальный сервис,Incomplete,CAPTCHA остаётся человеку.,M02_CASA_Pro_IIN_Check_R0_Implementation_and_Acceptance_v1.0,§15 Statuses / human messages
M02,consent_required,STATE,Нужно согласие клиента. Запросы не выполнялись.,Нет попытки внешнего вызова.,Нужно согласие клиента. Запросы не выполнялись.,Запросить согласие,Blocked,Нет попытки внешнего вызова.,M02_CASA_Pro_IIN_Check_R0_Implementation_and_Acceptance_v1.0,§15 Statuses / human messages
M02,source_unavailable,STATE,Источник временно недоступен.,Никогда не not_found.,Источник временно недоступен.,Повторить / ручная проверка,Incomplete,Никогда не not_found.,M02_CASA_Pro_IIN_Check_R0_Implementation_and_Acceptance_v1.0,§15 Statuses / human messages
M02,stale,STATE,Результат устарел.,Старый факт виден с датой.,Результат устарел.,Обновить,Incomplete/current,Старый факт виден с датой.,M02_CASA_Pro_IIN_Check_R0_Implementation_and_Acceptance_v1.0,§15 Statuses / human messages
M02,legal_unconfirmed,STATE,Автоматическая проверка пока недоступна: правовой допуск не подтверждён.,Не FAIL клиента.,Автоматическая проверка пока недоступна: правовой допуск не подтверждён.,Разрешённый ручной путь,Blocked/partial,Не FAIL клиента.,M02_CASA_Pro_IIN_Check_R0_Implementation_and_Acceptance_v1.0,§15 Statuses / human messages
M02,access_required,STATE,Автоматическая проверка пока не подключена.,Без token details для брокера.,Автоматическая проверка пока не подключена.,Admin: настроить; broker: manual path,Blocked/partial,Без token details для брокера.,M02_CASA_Pro_IIN_Check_R0_Implementation_and_Acceptance_v1.0,§15 Statuses / human messages
M02,not_allowed,STATE,Эта проверка не используется CASA.,Обычно admin/audit only.,Эта проверка не используется CASA.,Нет,Excluded,Обычно admin/audit only.,M02_CASA_Pro_IIN_Check_R0_Implementation_and_Acceptance_v1.0,§15 Statuses / human messages
M02,error: schema/evidence,STATE,Результат не подтверждён.,Не unknown/not_found автоматически.,Результат не подтверждён.,Повторить / отправить на проверку,Incomplete,Не unknown/not_found автоматически.,M02_CASA_Pro_IIN_Check_R0_Implementation_and_Acceptance_v1.0,§15 Statuses / human messages
M02,unknown outcome,STATE,Источник не дал однозначного результата.,UNKNOWN не 0/false/clean.,Источник не дал однозначного результата.,Открыть детали / проверить,Incomplete,UNKNOWN не 0/false/clean.,M02_CASA_Pro_IIN_Check_R0_Implementation_and_Acceptance_v1.0,§15 Statuses / human messages
M03,EXTRACTED,QUALITY,Parser завершился; качество ещё не доказано,Parser завершился; качество ещё не доказано,Parser завершился; качество ещё не доказано,,,,CASA_Pro_Credit_History_Engine_Final_Spec_KZ_2026-08-21,§12.4 Quality gates
M03,NEEDS_REVIEW,QUALITY,"Есть critical field, mismatch, ambiguity, unsupported zone или unverifiable authenticity","Есть critical field, mismatch, ambiguity, unsupported zone или unverifiable authenticity","Есть critical field, mismatch, ambiguity, unsupported zone или unverifiable authenticity",,,,CASA_Pro_Credit_History_Engine_Final_Spec_KZ_2026-08-21,§12.4 Quality gates
M03,RECONCILED,QUALITY,Все applicable critical REC PASS/WAIVED с reviewer reason,Все applicable critical REC PASS/WAIVED с reviewer reason,Все applicable critical REC PASS/WAIVED с reviewer reason,,,,CASA_Pro_Credit_History_Engine_Final_Spec_KZ_2026-08-21,§12.4 Quality gates
M03,VERIFIED_FOR_INTERNAL_USE,QUALITY,"Consent active, subject match, no blocking errors, critical fields accepted/corrected, lineage resolved, profile generated",,"Consent active, subject match, no blocking errors, critical fields accepted/corrected, lineage resolved, profile generated",,,,CASA_Pro_Credit_History_Engine_Final_Spec_KZ_2026-08-21,§12.4 Quality gates
M03,NOT_ELIGIBLE_FOR_SNAPSHOT,QUALITY,"Нет полноты, subject mismatch, authenticity FAILED, unresolved active amount/lineage, revoked consent","Нет полноты, subject mismatch, authenticity FAILED, unresolved active amount/lineage, revoked consent","Нет полноты, subject mismatch, authenticity FAILED, unresolved active amount/lineage, revoked consent",,,,CASA_Pro_Credit_History_Engine_Final_Spec_KZ_2026-08-21,§12.4 Quality gates
M03,NOT_UPLOADED,STATE,Нет PDF,"«Загрузите ПКО, полученный клиентом»",Нет PDF,"«Загрузите ПКО, полученный клиентом»",,,CASA_Pro_Credit_History_Engine_Final_Spec_KZ_2026-08-21,§14.3 Состояния UI
M03,CONSENT_REQUIRED,STATE,Нет/отозвано consent,Нет/отозвано consent,Нет/отозвано consent,Upload/processing disabled,,,CASA_Pro_Credit_History_Engine_Final_Spec_KZ_2026-08-21,§14.3 Состояния UI
M03,UPLOADING,STATE,Идёт upload,Идёт upload,Идёт upload,"Progress, cancel if safe",,,CASA_Pro_Credit_History_Engine_Final_Spec_KZ_2026-08-21,§14.3 Состояния UI
M03,QUARANTINED,STATE,Техпроверка,«Проверяем файл»,Техпроверка,«Проверяем файл»,,,CASA_Pro_Credit_History_Engine_Final_Spec_KZ_2026-08-21,§14.3 Состояния UI
M03,PROCESSING,STATE,Parse/OCR,Page/section progress; без фальшивых процентов,Parse/OCR,Page/section progress; без фальшивых процентов,,,CASA_Pro_Credit_History_Engine_Final_Spec_KZ_2026-08-21,§14.3 Состояния UI
M03,NEEDS_REVIEW,STATE,Есть tasks,Число tasks по criticality,Есть tasks,Число tasks по criticality,,,CASA_Pro_Credit_History_Engine_Final_Spec_KZ_2026-08-21,§14.3 Состояния UI
M03,PARTIALLY_VERIFIED,STATE,Некритические tasks остались,Snapshot допустим только по policy,Некритические tasks остались,Snapshot допустим только по policy,,,CASA_Pro_Credit_History_Engine_Final_Spec_KZ_2026-08-21,§14.3 Состояния UI
M03,VERIFIED_FOR_INTERNAL_USE,STATE,Critical gates закрыты,Не называть «Банком подтверждено»,Critical gates закрыты,Не называть «Банком подтверждено»,,,CASA_Pro_Credit_History_Engine_Final_Spec_KZ_2026-08-21,§14.3 Состояния UI
M03,AUTHENTICITY_UNVERIFIED,STATE,Scan/flattened PDF/manual check не пройден,"Жёлтый neutral badge, причина",Scan/flattened PDF/manual check не пройден,"Жёлтый neutral badge, причина",,,CASA_Pro_Credit_History_Engine_Final_Spec_KZ_2026-08-21,§14.3 Состояния UI
M03,STALE,STATE,Report/active records старше process policy,Показать exact ages; «Загрузить новый отчёт»,Report/active records старше process policy,Показать exact ages; «Загрузить новый отчёт»,,,CASA_Pro_Credit_History_Engine_Final_Spec_KZ_2026-08-21,§14.3 Состояния UI
M03,UNSUPPORTED_TEMPLATE,STATE,Неизвестный layout/type,Неизвестный layout/type,Неизвестный layout/type,SAMPLE_REQUIRED; secure manual fallback,,,CASA_Pro_Credit_History_Engine_Final_Spec_KZ_2026-08-21,§14.3 Состояния UI
M03,SOURCE_MISMATCH,STATE,Subject не тот,Блок snapshot; заменить PDF,Subject не тот,Блок snapshot; заменить PDF,,,CASA_Pro_Credit_History_Engine_Final_Spec_KZ_2026-08-21,§14.3 Состояния UI
M03,FAILED,STATE,Blocking technical/error,"Код, понятное действие, retry без duplicate",Blocking technical/error,"Код, понятное действие, retry без duplicate",,,CASA_Pro_Credit_History_Engine_Final_Spec_KZ_2026-08-21,§14.3 Состояния UI
M03,SUPERSEDED,STATE,Есть новая version,Есть новая version,Есть новая version,Read-only history,,,CASA_Pro_Credit_History_Engine_Final_Spec_KZ_2026-08-21,§14.3 Состояния UI
M03,CONSENT_MISSING / CONSENT_REVOKED,ERROR,403/no,Получить новое основание; ограничить existing processing,403/no,Да,Получить новое основание; ограничить existing processing,,CASA_Pro_Credit_History_Engine_Final_Spec_KZ_2026-08-21,§15.4 Ошибки
M03,FILE_TOO_LARGE,ERROR,413/no,Загрузить допустимый PDF,413/no,Да,Загрузить допустимый PDF,,CASA_Pro_Credit_History_Engine_Final_Spec_KZ_2026-08-21,§15.4 Ошибки
M03,FILE_TYPE_MISMATCH,ERROR,415/no,Нужен PDF,415/no,Да,Нужен PDF,,CASA_Pro_Credit_History_Engine_Final_Spec_KZ_2026-08-21,§15.4 Ошибки
M03,PASSWORD_PROTECTED,ERROR,422/no,Клиент выгружает незашифованную копию; пароль CASA не принимает,422/no,Да,Клиент выгружает незашифованную копию; пароль CASA не принимает,,CASA_Pro_Credit_History_Engine_Final_Spec_KZ_2026-08-21,§15.4 Ошибки
M03,PDF_CORRUPT,ERROR,422/no,Повторная выгрузка из бюро,422/no,Да,Повторная выгрузка из бюро,,CASA_Pro_Credit_History_Engine_Final_Spec_KZ_2026-08-21,§15.4 Ошибки
M03,MALWARE_DETECTED,ERROR,422/no,Да,422/no,Да,Quarantine/security incident,,CASA_Pro_Credit_History_Engine_Final_Spec_KZ_2026-08-21,§15.4 Ошибки
M03,ACTIVE_CONTENT_BLOCKED,ERROR,422/no,Secure sanitized copy только по policy,422/no,Да,Secure sanitized copy только по policy,,CASA_Pro_Credit_History_Engine_Final_Spec_KZ_2026-08-21,§15.4 Ошибки
M03,UNSUPPORTED_REPORT_TYPE,ERROR,422/no,Да,422/no,Да,SAMPLE_REQUIRED/manual workflow,,CASA_Pro_Credit_History_Engine_Final_Spec_KZ_2026-08-21,§15.4 Ошибки
M03,UNSUPPORTED_TEMPLATE,ERROR,422/no,Sample collection; не fallback к догадке,422/no,Да,Sample collection; не fallback к догадке,,CASA_Pro_Credit_History_Engine_Final_Spec_KZ_2026-08-21,§15.4 Ошибки
M03,MISSING_PAGE / PAGE_SEQUENCE_INVALID,ERROR,422/no,Загрузить полный PDF,422/no,Да,Загрузить полный PDF,,CASA_Pro_Credit_History_Engine_Final_Spec_KZ_2026-08-21,§15.4 Ошибки
M03,SUBJECT_MISMATCH,ERROR,409/no,Заменить файл; incident logging без лишней PII,409/no,Да,Заменить файл; incident logging без лишней PII,,CASA_Pro_Credit_History_Engine_Final_Spec_KZ_2026-08-21,§15.4 Ошибки
M03,SIGNATURE_INVALID,ERROR,422/no,Manual/authentic copy; не помечать verified,422/no,Да для auto,Manual/authentic copy; не помечать verified,,CASA_Pro_Credit_History_Engine_Final_Spec_KZ_2026-08-21,§15.4 Ошибки
M03,AUTHENTICITY_UNVERIFIABLE,ERROR,200/no,Manual bureau check или explicit acceptance,200/no,Warning/gate by policy,Manual bureau check или explicit acceptance,,CASA_Pro_Credit_History_Engine_Final_Spec_KZ_2026-08-21,§15.4 Ошибки
M03,TEXT_LAYER_CORRUPT,ERROR,200/yes,Нет,200/yes,Нет,Selective OCR + review,,CASA_Pro_Credit_History_Engine_Final_Spec_KZ_2026-08-21,§15.4 Ошибки
M03,OCR_SERVICE_UNAVAILABLE,ERROR,503/yes,"Exponential retry, без duplicate run",503/yes,Да если OCR нужен,"Exponential retry, без duplicate run",,CASA_Pro_Credit_History_Engine_Final_Spec_KZ_2026-08-21,§15.4 Ошибки
M03,PROCESSING_TIMEOUT,ERROR,504/yes,Да,504/yes,Да,Resume by stage/checkpoint,,CASA_Pro_Credit_History_Engine_Final_Spec_KZ_2026-08-21,§15.4 Ошибки
M03,SCHEMA_DRIFT_DETECTED,ERROR,422/no,Отключить template auto-confirm,422/no,Да,Отключить template auto-confirm,,CASA_Pro_Credit_History_Engine_Final_Spec_KZ_2026-08-21,§15.4 Ошибки
M03,REQUIRED_FIELD_MISSING,ERROR,200/no,Да для snapshot,200/no,Да для snapshot,Manual review/UNKNOWN,,CASA_Pro_Credit_History_Engine_Final_Spec_KZ_2026-08-21,§15.4 Ошибки
M03,SUMMARY_TOTAL_MISMATCH,ERROR,200/no,Открыть reconciliation diff,200/no,Да для affected metric,Открыть reconciliation diff,,CASA_Pro_Credit_History_Engine_Final_Spec_KZ_2026-08-21,§15.4 Ошибки
M03,CONTRACT_COUNT_MISMATCH,ERROR,200/no,Да,200/no,Да,Page/segmentation review,,CASA_Pro_Credit_History_Engine_Final_Spec_KZ_2026-08-21,§15.4 Ошибки
M03,MONEY_TOTAL_MISMATCH,ERROR,200/no,Да для current profile,200/no,Да для current profile,Money review,,CASA_Pro_Credit_History_Engine_Final_Spec_KZ_2026-08-21,§15.4 Ошибки
M03,ASSIGNMENT_LINK_AMBIGUOUS,ERROR,200/no,Да для lineage,200/no,Да для lineage,Merge/keep decision,,CASA_Pro_Credit_History_Engine_Final_Spec_KZ_2026-08-21,§15.4 Ошибки
M03,AMBIGUOUS_CURRENT_NODE,ERROR,200/no,Да для current total,200/no,Да для current total,Resolve source state,,CASA_Pro_Credit_History_Engine_Final_Spec_KZ_2026-08-21,§15.4 Ошибки
M03,NULL_ZERO_AMBIGUOUS,ERROR,200/no,Да если critical,200/no,Да если critical,Presence review,,CASA_Pro_Credit_History_Engine_Final_Spec_KZ_2026-08-21,§15.4 Ошибки
M03,REPORT_STALE / ACTIVE_RECORD_STALE,ERROR,200/no,Новый PDF; exact age shown,200/no,Process policy,Новый PDF; exact age shown,,CASA_Pro_Credit_History_Engine_Final_Spec_KZ_2026-08-21,§15.4 Ошибки
M03,REVIEW_CONFLICT,ERROR,409/yes after refresh,Optimistic concurrency; не overwrite reviewer,409/yes after refresh,Да,Optimistic concurrency; не overwrite reviewer,,CASA_Pro_Credit_History_Engine_Final_Spec_KZ_2026-08-21,§15.4 Ошибки
M03,SNAPSHOT_GATE_FAILED,ERROR,409/no,Возврат списка unresolved gate codes,409/no,Да,Возврат списка unresolved gate codes,,CASA_Pro_Credit_History_Engine_Final_Spec_KZ_2026-08-21,§15.4 Ошибки
M03,CH-011,QUALITY,Regression PKO,,Regression PKO,"Bureau=FCB, kind=FULL_PERSONAL, report_at=08.08.2026 09:51:38",,,CASA_Pro_Credit_History_Engine_Final_Spec_KZ_2026-08-21,"§18.2 Шаблон, страницы, подлинность"
M03,CH-012,QUALITY,Regression PKO,,Regression PKO,"pages_actual=pages_declared=29, sequence 1…29 PASS",,,CASA_Pro_Credit_History_Engine_Final_Spec_KZ_2026-08-21,"§18.2 Шаблон, страницы, подлинность"
M03,CH-013,QUALITY,"Удалена стр. 12, footer 11/29→13/29","Удалена стр. 12, footer 11/29→13/29","Удалена стр. 12, footer 11/29→13/29","MISSING_PAGE, snapshot blocked",,,CASA_Pro_Credit_History_Engine_Final_Spec_KZ_2026-08-21,"§18.2 Шаблон, страницы, подлинность"
M03,CH-014,QUALITY,Две страницы поменяны местами,Две страницы поменяны местами,Две страницы поменяны местами,PAGE_SEQUENCE_INVALID,,,CASA_Pro_Credit_History_Engine_Final_Spec_KZ_2026-08-21,"§18.2 Шаблон, страницы, подлинность"
M03,CH-015,QUALITY,Неизвестный FCB layout,"UNSUPPORTED_TEMPLATE, не пытаться разобрать по closest template",Неизвестный FCB layout,"UNSUPPORTED_TEMPLATE, не пытаться разобрать по closest template",,,CASA_Pro_Credit_History_Engine_Final_Spec_KZ_2026-08-21,"§18.2 Шаблон, страницы, подлинность"
M03,CH-016,QUALITY,GCB PDF без approved sample set,GCB PDF без approved sample set,GCB PDF без approved sample set,"SAMPLE_REQUIRED, production parser off",,,CASA_Pro_Credit_History_Engine_Final_Spec_KZ_2026-08-21,"§18.2 Шаблон, страницы, подлинность"
M03,CH-017,QUALITY,Regression PDF без cryptographic signature,"UNVERIFIED_FLATTENED_PDF, не VERIFIED",Regression PDF без cryptographic signature,"UNVERIFIED_FLATTENED_PDF, не VERIFIED",,,CASA_Pro_Credit_History_Engine_Final_Spec_KZ_2026-08-21,"§18.2 Шаблон, страницы, подлинность"
M03,CH-018,QUALITY,PDF с valid trusted signature и unmodified revision,VERIFIED_SIGNATURE; cert chain/time evidence сохранены,PDF с valid trusted signature и unmodified revision,VERIFIED_SIGNATURE; cert chain/time evidence сохранены,,,CASA_Pro_Credit_History_Engine_Final_Spec_KZ_2026-08-21,"§18.2 Шаблон, страницы, подлинность"
M03,CH-019,QUALITY,PDF signature invalid после modification,PDF signature invalid после modification,PDF signature invalid после modification,"SIGNATURE_INVALID, auto-confirm blocked",,,CASA_Pro_Credit_History_Engine_Final_Spec_KZ_2026-08-21,"§18.2 Шаблон, страницы, подлинность"
M03,CH-020,QUALITY,Scan FCB отчёта,Scan FCB отчёта,Scan FCB отчёта,"OCR possible, authenticity UNVERIFIED_SCAN, manual review required",,,CASA_Pro_Credit_History_Engine_Final_Spec_KZ_2026-08-21,"§18.2 Шаблон, страницы, подлинность"
M03,Модель данных,ERROR,"current_dpd, delinquency_as_of, max_dpd_lifetime_reported и monthly observations — разные поля/типы.","current_dpd, delinquency_as_of, max_dpd_lifetime_reported и monthly observations — разные поля/типы.","current_dpd, delinquency_as_of, max_dpd_lifetime_reported и monthly observations — разные поля/типы.",Schema/unit tests.,,,M03_CASA_Pro_Credit_History_Implementation_and_Acceptance_v1.1,§9 Просрочки — UI и контроль ошибки
M03,Алгоритм,ERROR,Current metrics читают только current node.current_dpd; historical aggregator не используется.,Current metrics читают только current node.current_dpd; historical aggregator не используется.,Current metrics читают только current node.current_dpd; historical aggregator не используется.,"CH-036, CH-053, CH-056, CH-061.",,,M03_CASA_Pro_Credit_History_Implementation_and_Acceptance_v1.1,§9 Просрочки — UI и контроль ошибки
M03,UI,ERROR,В current card: current count/max. В History: lifetime max и события. Подписи не взаимозаменяемы.,В current card: current count/max. В History: lifetime max и события. Подписи не взаимозаменяемы.,В current card: current count/max. В History: lifetime max и события. Подписи не взаимозаменяемы.,AT-CH-UX-001; CH-089/090 context.,,,M03_CASA_Pro_Credit_History_Implementation_and_Acceptance_v1.1,§9 Просрочки — UI и контроль ошибки
M03,Regression,ERROR,FX-CH-REG-001 обязан дать active_current_delinquency_count=0 и max_current_dpd=0 при historical max=1919.,FX-CH-REG-001 обязан дать active_current_delinquency_count=0 и max_current_dpd=0 при historical max=1919.,FX-CH-REG-001 обязан дать active_current_delinquency_count=0 и max_current_dpd=0 при historical max=1919.,AT-CH-BUG-001 / BUG-CH-001.,,,M03_CASA_Pro_Credit_History_Implementation_and_Acceptance_v1.1,§9 Просрочки — UI и контроль ошибки
M03,Snapshot,ERROR,Оба значения и evidence/version фиксируются отдельно; UNKNOWN блокирует уверенный ноль.,Оба значения и evidence/version фиксируются отдельно; UNKNOWN блокирует уверенный ноль.,Оба значения и evidence/version фиксируются отдельно; UNKNOWN блокирует уверенный ноль.,"CH-040, CH-077.",,,M03_CASA_Pro_Credit_History_Implementation_and_Acceptance_v1.1,§9 Просрочки — UI и контроль ошибки
M03,0 / EXPLICIT_ZERO,QUALITY,Источник явно напечатал ноль.,Можно использовать как 0 при валидной currency/семантике; показать «0».,Источник явно напечатал ноль.,Можно использовать как 0 при валидной currency/семантике; показать «0».,,,M03_CASA_Pro_Credit_History_Implementation_and_Acceptance_v1.1,§12 UNKNOWN и качество данных
M03,UNKNOWN,QUALITY,Недостаточно факта или контекста.,Не участвует как 0; итог UNKNOWN с причиной.,Недостаточно факта или контекста.,Не участвует как 0; итог UNKNOWN с причиной.,,,M03_CASA_Pro_Credit_History_Implementation_and_Acceptance_v1.1,§12 UNKNOWN и качество данных
M03,BLANK,QUALITY,Ячейка/поле пусты.,amount=null; нужно определить семантику.,Ячейка/поле пусты.,amount=null; нужно определить семантику.,,,M03_CASA_Pro_Credit_History_Implementation_and_Acceptance_v1.1,§12 UNKNOWN и качество данных
M03,UNREADABLE,QUALITY,"Значение есть, но не читается.",Review/evidence; не подставлять догадку.,"Значение есть, но не читается.",Review/evidence; не подставлять догадку.,,,M03_CASA_Pro_Credit_History_Implementation_and_Acceptance_v1.1,§12 UNKNOWN и качество данных
M03,NOT_APPLICABLE,QUALITY,Поле неприменимо по утверждённому template dictionary.,Не считать отсутствующей ошибкой и не подставлять 0.,Поле неприменимо по утверждённому template dictionary.,Не считать отсутствующей ошибкой и не подставлять 0.,,,M03_CASA_Pro_Credit_History_Implementation_and_Acceptance_v1.1,§12 UNKNOWN и качество данных
M03,NOT_IN_TEMPLATE,QUALITY,В этом макете поля нет.,Не выдавать как source fact.,В этом макете поля нет.,Не выдавать как source fact.,,,M03_CASA_Pro_Credit_History_Implementation_and_Acceptance_v1.1,§12 UNKNOWN и качество данных
M03,Пусто в UI,QUALITY,Технически не загружено/не отрисовано.,Не использовать как бизнес-состояние; показывать понятную метку.,Технически не загружено/не отрисовано.,Не использовать как бизнес-состояние; показывать понятную метку.,,,M03_CASA_Pro_Credit_History_Implementation_and_Acceptance_v1.1,§12 UNKNOWN и качество данных
M03,MANUAL_REVIEW_REQUIRED,STATE,«Нужно проверить данные вручную»,"Да, если critical",«Нужно проверить данные вручную»,Открыть задачи,"Да, если critical",,M03_CASA_Pro_Credit_History_Implementation_and_Acceptance_v1.1,Внутренние коды → понятный текст
M03,RECONCILIATION_FAILED,STATE,«Итоги отчёта не сходятся»,"Да, affected profile",«Итоги отчёта не сходятся»,Проверить отмеченные поля,"Да, affected profile",,M03_CASA_Pro_Credit_History_Implementation_and_Acceptance_v1.1,Внутренние коды → понятный текст
M03,AMBIGUOUS_CURRENT_NODE,STATE,"«Неясно, какая запись по долгу актуальна»",Да,"«Неясно, какая запись по долгу актуальна»",Выбрать узел с evidence/reason,Да,,M03_CASA_Pro_Credit_History_Implementation_and_Acceptance_v1.1,Внутренние коды → понятный текст
M03,AUTHENTICITY_UNVERIFIED,STATE,«Подлинность копии не подтверждена»,По policy; статус не менять,«Подлинность копии не подтверждена»,Ручная проверка/acceptance,По policy; статус не менять,,M03_CASA_Pro_Credit_History_Implementation_and_Acceptance_v1.1,Внутренние коды → понятный текст
M03,SUBJECT_MISMATCH,STATE,«Отчёт относится к другому человеку»,Да,«Отчёт относится к другому человеку»,Заменить PDF,Да,,M03_CASA_Pro_Credit_History_Implementation_and_Acceptance_v1.1,Внутренние коды → понятный текст
M03,MISSING_PAGE / PAGE_SEQUENCE_INVALID,STATE,«Не хватает страниц или нарушен их порядок»,Да,«Не хватает страниц или нарушен их порядок»,Загрузить полный PDF,Да,,M03_CASA_Pro_Credit_History_Implementation_and_Acceptance_v1.1,Внутренние коды → понятный текст
M03,NULL_ZERO_AMBIGUOUS,STATE,«Неясно: значение отсутствует или равно нулю»,"Да, если critical",«Неясно: значение отсутствует или равно нулю»,Проверить поле,"Да, если critical",,M03_CASA_Pro_Credit_History_Implementation_and_Acceptance_v1.1,Внутренние коды → понятный текст
M03,ASSIGNMENT_LINK_AMBIGUOUS,STATE,«Неясна связь записей после уступки»,Да,«Неясна связь записей после уступки»,Связать/оставить раздельно,Да,,M03_CASA_Pro_Credit_History_Implementation_and_Acceptance_v1.1,Внутренние коды → понятный текст
M03,MONEY_TOTAL_MISMATCH,STATE,«Суммы не сходятся»,"Да, affected total",«Суммы не сходятся»,Открыть сверку,"Да, affected total",,M03_CASA_Pro_Credit_History_Implementation_and_Acceptance_v1.1,Внутренние коды → понятный текст
M03,SNAPSHOT_GATE_FAILED,STATE,«Снимок пока нельзя создать»,Да,«Снимок пока нельзя создать»,Закрыть перечисленные задачи,Да,,M03_CASA_Pro_Credit_History_Implementation_and_Acceptance_v1.1,Внутренние коды → понятный текст
M03,Целостность файла,QUALITY,PDF технически цел и не изменился?,VALID/CORRUPT/HASH_MISMATCH/UNREADABLE → «Файл исправен» или понятная ошибка.,PDF технически цел и не изменился?,VALID/CORRUPT/HASH_MISMATCH/UNREADABLE → «Файл исправен» или понятная ошибка.,,,M03_CASA_Pro_Credit_History_Implementation_and_Acceptance_v1.1,§16 Подлинность / полнота / сверка
M03,Шаблон,QUALITY,Известны issuer/report kind/layout и обязательные sections?,Распознан / SAMPLE_REQUIRED / unsupported; не closest-template guess.,Известны issuer/report kind/layout и обязательные sections?,Распознан / SAMPLE_REQUIRED / unsupported; не closest-template guess.,,,M03_CASA_Pro_Credit_History_Implementation_and_Acceptance_v1.1,§16 Подлинность / полнота / сверка
M03,Подлинность,QUALITY,Есть доказательство выдачи заявленным бюро?,Есть доказательство выдачи заявленным бюро?,Есть доказательство выдачи заявленным бюро?,VERIFIED_SIGNATURE / VERIFIED_BUREAU_MANUAL / UNVERIFIED / FAILED / UNKNOWN.,,,M03_CASA_Pro_Credit_History_Implementation_and_Acceptance_v1.1,§16 Подлинность / полнота / сверка
M03,Извлечение,QUALITY,Текст/таблицы считаны корректно?,Текст/таблицы считаны корректно?,Текст/таблицы считаны корректно?,PASS / PASS_WITH_REVIEW / NEEDS_REVIEW / FAILED.,,,M03_CASA_Pro_Credit_History_Implementation_and_Acceptance_v1.1,§16 Подлинность / полнота / сверка
M03,Сверка,QUALITY,"Страницы, записи, суммы, связи и итоги согласуются?","Страницы, записи, суммы, связи и итоги согласуются?","Страницы, записи, суммы, связи и итоги согласуются?",PASS / PASS_WITH_REVIEW / FAIL / UNKNOWN.,,,M03_CASA_Pro_Credit_History_Implementation_and_Acceptance_v1.1,§16 Подлинность / полнота / сверка
M03,Ручная проверка,QUALITY,Критичные факты приняты/исправлены человеком?,Критичные факты приняты/исправлены человеком?,Критичные факты приняты/исправлены человеком?,NOT_STARTED / IN_PROGRESS / COMPLETED / policy waiver.,,,M03_CASA_Pro_Credit_History_Implementation_and_Acceptance_v1.1,§16 Подлинность / полнота / сверка
M04,VERIFIED_PDF_SIGNATURE,QUALITY,Встроенная криптографическая подпись успешно проверена по approved trust policy,автоматически только после RG-02,Встроенная криптографическая подпись успешно проверена по approved trust policy,автоматически только после RG-02,,,03_CASA_Pro_Pension_Contribution_Engine_Final_Spec_KZ_2026-08-21,§3.4 Подлинность — отдельна от целостности и OCR
M04,VERIFIED_EGOV_MANUAL,QUALITY,Уполномоченный reviewer проверил документ официальным сервисом и сохранил receipt/reference,Уполномоченный reviewer проверил документ официальным сервисом и сохранил receipt/reference,Уполномоченный reviewer проверил документ официальным сервисом и сохранил receipt/reference,manual SOP,,,03_CASA_Pro_Pension_Contribution_Engine_Final_Spec_KZ_2026-08-21,§3.4 Подлинность — отдельна от целостности и OCR
M04,BARCODE_PRESENT_UNVERIFIED,QUALITY,"Штрих-код виден/извлечён, но не декодирован и подпись payload не проверена","Штрих-код виден/извлечён, но не декодирован и подпись payload не проверена","Штрих-код виден/извлечён, но не декодирован и подпись payload не проверена",fixture,,,03_CASA_Pro_Pension_Contribution_Engine_Final_Spec_KZ_2026-08-21,§3.4 Подлинность — отдельна от целостности и OCR
M04,UNKNOWN,QUALITY,Нет применимого механизма,Нет применимого механизма,Нет применимого механизма,review/waiver by policy,,,03_CASA_Pro_Pension_Contribution_Engine_Final_Spec_KZ_2026-08-21,§3.4 Подлинность — отдельна от целостности и OCR
M04,FAILED,QUALITY,Официальная/криптографическая проверка дала отрицательный результат,Официальная/криптографическая проверка дала отрицательный результат,Официальная/криптографическая проверка дала отрицательный результат,snapshot blocked,,,03_CASA_Pro_Pension_Contribution_Engine_Final_Spec_KZ_2026-08-21,§3.4 Подлинность — отдельна от целостности и OCR
M04,ОБРАБОТАННЫЕ,STATE,PROCESSED,,PROCESSED,effective positive contribution only if amount > 0 and class=CONTRIBUTION,,,03_CASA_Pro_Pension_Contribution_Engine_Final_Spec_KZ_2026-08-21,§4.2 Source status и effect
M04,ВОЗВРАТ/СТОРНО/ОТОЗВАНО,STATE,RETURNED/REVERSED,SOURCE_FACT; не уменьшать/увеличивать без signed mapping and linked original,RETURNED/REVERSED,SOURCE_FACT; не уменьшать/увеличивать без signed mapping and linked original,,,03_CASA_Pro_Pension_Contribution_Engine_Final_Spec_KZ_2026-08-21,§4.2 Source status и effect
M04,ОТКЛОНЕНО/НЕ ОБРАБОТАНО,STATE,REJECTED,не считать поступлением,REJECTED,не считать поступлением,,,03_CASA_Pro_Pension_Contribution_Engine_Final_Spec_KZ_2026-08-21,§4.2 Source status и effect
M04,неизвестно,STATE,UNKNOWN,,UNKNOWN,MANUAL_REVIEW; month may become UNKNOWN,,,03_CASA_Pro_Pension_Contribution_Engine_Final_Spec_KZ_2026-08-21,§4.2 Source status и effect
M04,source_status_raw,QUALITY,string,Напечатанное значение,string,Да,Напечатанное значение,,03_CASA_Pro_Pension_Contribution_Engine_Final_Spec_KZ_2026-08-21,"§5.3 contribution_record — quality, effect и evidence"
M04,source_status,QUALITY,enum,Да,enum,Да,PROCESSED/RETURNED/REVERSED/REJECTED/UNKNOWN,,03_CASA_Pro_Pension_Contribution_Engine_Final_Spec_KZ_2026-08-21,"§5.3 contribution_record — quality, effect и evidence"
M04,processing_effect,QUALITY,enum,Да,enum,Да,EFFECTIVE/EXCLUDED/UNKNOWN,,03_CASA_Pro_Pension_Contribution_Engine_Final_Spec_KZ_2026-08-21,"§5.3 contribution_record — quality, effect и evidence"
M04,direction,QUALITY,enum,CREDIT/DEBIT/UNKNOWN; не выводить из знака без rule,enum,Нет,CREDIT/DEBIT/UNKNOWN; не выводить из знака без rule,,03_CASA_Pro_Pension_Contribution_Engine_Final_Spec_KZ_2026-08-21,"§5.3 contribution_record — quality, effect и evidence"
M04,row_fingerprint,QUALITY,sha256,Да,sha256,Да,Full reviewed field tuple,,03_CASA_Pro_Pension_Contribution_Engine_Final_Spec_KZ_2026-08-21,"§5.3 contribution_record — quality, effect и evidence"
M04,duplicate_status,QUALITY,enum,Да,enum,Да,UNIQUE/EXTRACTION_DUPLICATE/CANDIDATE/CONFIRMED,,03_CASA_Pro_Pension_Contribution_Engine_Final_Spec_KZ_2026-08-21,"§5.3 contribution_record — quality, effect и evidence"
M04,duplicate_of_record_id,QUALITY,string?,Только deterministic/reviewer decision,string?,Нет,Только deterministic/reviewer decision,,03_CASA_Pro_Pension_Contribution_Engine_Final_Spec_KZ_2026-08-21,"§5.3 contribution_record — quality, effect и evidence"
M04,correction_or_return_reference,QUALITY,string?,Нет,string?,Нет,Link to original if source proves,,03_CASA_Pro_Pension_Contribution_Engine_Final_Spec_KZ_2026-08-21,"§5.3 contribution_record — quality, effect и evidence"
M04,source_page,QUALITY,integer,Да,integer,Да,1…document.page_count,,03_CASA_Pro_Pension_Contribution_Engine_Final_Spec_KZ_2026-08-21,"§5.3 contribution_record — quality, effect и evidence"
M04,source_bbox,QUALITY,BBox,Да,BBox,Да,Normalized x/y/w/h + rotation,,03_CASA_Pro_Pension_Contribution_Engine_Final_Spec_KZ_2026-08-21,"§5.3 contribution_record — quality, effect и evidence"
M04,evidence_id,QUALITY,string,Да,string,Да,Encrypted crop/text span; evidence hash,,03_CASA_Pro_Pension_Contribution_Engine_Final_Spec_KZ_2026-08-21,"§5.3 contribution_record — quality, effect и evidence"
M04,critical_field_status,QUALITY,enum,Да,enum,Да,PASS/NEEDS_REVIEW/FAILED,,03_CASA_Pro_Pension_Contribution_Engine_Final_Spec_KZ_2026-08-21,"§5.3 contribution_record — quality, effect и evidence"
M04,row_review_status,QUALITY,enum,Да,enum,Да,EXTRACTED/NEEDS_REVIEW/ACCEPTED/CORRECTED/REJECTED,,03_CASA_Pro_Pension_Contribution_Engine_Final_Spec_KZ_2026-08-21,"§5.3 contribution_record — quality, effect и evidence"
M04,reviewer_decision_id,QUALITY,string?,Нет,string?,Нет,Reason + actor + timestamp + before/after hash,,03_CASA_Pro_Pension_Contribution_Engine_Final_Spec_KZ_2026-08-21,"§5.3 contribution_record — quality, effect и evidence"
M04,registry_versions,QUALITY,object,Да,object,Да,template/KNP/status/rate dictionaries,,03_CASA_Pro_Pension_Contribution_Engine_Final_Spec_KZ_2026-08-21,"§5.3 contribution_record — quality, effect и evidence"
M04,coverage=PERIOD_NOT_COVERED,STATE,PERIOD_NOT_COVERED,не создавать пропуск,PERIOD_NOT_COVERED,не создавать пропуск,,,03_CASA_Pro_Pension_Contribution_Engine_Final_Spec_KZ_2026-08-21,§7.1 Deterministic status algorithm
M04,coverage=UNKNOWN и нет доказанных positive rows,STATE,UNKNOWN,не NO_CONTRIBUTION,UNKNOWN,не NO_CONTRIBUTION,,,03_CASA_Pro_Pension_Contribution_Engine_Final_Spec_KZ_2026-08-21,§7.1 Deterministic status algorithm
M04,есть unresolved critical row в месяце,STATE,UNKNOWN,,UNKNOWN,review before aggregation,,,03_CASA_Pro_Pension_Contribution_Engine_Final_Spec_KZ_2026-08-21,§7.1 Deterministic status algorithm
M04,≥2 effective positive contribution rows,STATE,MULTIPLE_CONTRIBUTIONS,,MULTIPLE_CONTRIBUTIONS,aggregate by type/sender; retain rows,,,03_CASA_Pro_Pension_Contribution_Engine_Final_Spec_KZ_2026-08-21,§7.1 Deterministic status algorithm
M04,ровно 1 effective positive contribution row,STATE,CONTRIBUTION_PRESENT,,CONTRIBUTION_PRESENT,amount > 0; recognized contribution type,,,03_CASA_Pro_Pension_Contribution_Engine_Final_Spec_KZ_2026-08-21,§7.1 Deterministic status algorithm
M04,"coverage=COVERED и 0 effective positive rows, no unknowns",STATE,NO_CONTRIBUTION,только здесь,NO_CONTRIBUTION,только здесь,,,03_CASA_Pro_Pension_Contribution_Engine_Final_Spec_KZ_2026-08-21,§7.1 Deterministic status algorithm
M04,Всегда,STATE,subject IIN/FIO match; issuer/type; document no; query period; received_at; pages 1…N,,subject IIN/FIO match; issuer/type; document no; query period; received_at; pages 1…N,,,,03_CASA_Pro_Pension_Contribution_Engine_Final_Spec_KZ_2026-08-21,§11.3 Reviewer confirmation и состояния
M04,Всегда в launch calibration,STATE,row count; CASA-calculated total; first/last month; unique senders; all critical row fields,,row count; CASA-calculated total; first/last month; unique senders; all critical row fields,,,,03_CASA_Pro_Pension_Contribution_Engine_Final_Spec_KZ_2026-08-21,§11.3 Reviewer confirmation и состояния
M04,После template calibration,STATE,summary confirmation + every flagged critical field; random QA sample per policy,,summary confirmation + every flagged critical field; random QA sample per policy,,,,03_CASA_Pro_Pension_Contribution_Engine_Final_Spec_KZ_2026-08-21,§11.3 Reviewer confirmation и состояния
M04,При low confidence/mismatch,STATE,"contribution_period, amount, sender name/id, KNP/type, received/sent/document dates",,"contribution_period, amount, sender name/id, KNP/type, received/sent/document dates",,,,03_CASA_Pro_Pension_Contribution_Engine_Final_Spec_KZ_2026-08-21,§11.3 Reviewer confirmation и состояния
M04,При authenticity not verified,STATE,manual eGov/issuer verification reference or explicit allowed waiver,,manual eGov/issuer verification reference or explicit allowed waiver,,,,03_CASA_Pro_Pension_Contribution_Engine_Final_Spec_KZ_2026-08-21,§11.3 Reviewer confirmation и состояния
M04,При coverage UNKNOWN,STATE,не разрешать reviewer вручную объявить отсутствующие месяцы без external evidence,не разрешать reviewer вручную объявить отсутствующие месяцы без external evidence,не разрешать reviewer вручную объявить отсутствующие месяцы без external evidence,,,,03_CASA_Pro_Pension_Contribution_Engine_Final_Spec_KZ_2026-08-21,§11.3 Reviewer confirmation и состояния
M04,При correction,STATE,raw stays; corrected value + reason code + comment + actor + evidence,,raw stays; corrected value + reason code + comment + actor + evidence,,,,03_CASA_Pro_Pension_Contribution_Engine_Final_Spec_KZ_2026-08-21,§11.3 Reviewer confirmation и состояния
M04,NOT_UPLOADED,STATE,Нет документа,Загрузить PDF,Нет документа,Загрузить PDF,,,03_CASA_Pro_Pension_Contribution_Engine_Final_Spec_KZ_2026-08-21,§11.3 Reviewer confirmation и состояния
M04,CONSENT_REQUIRED,STATE,Нет/отозвано согласие,Нет/отозвано согласие,Нет/отозвано согласие,Upload/parse disabled,,,03_CASA_Pro_Pension_Contribution_Engine_Final_Spec_KZ_2026-08-21,§11.3 Reviewer confirmation и состояния
M04,UPLOADING / QUARANTINED,STATE,Техническая обработка,Техническая обработка,Техническая обработка,Progress; no results yet,,,03_CASA_Pro_Pension_Contribution_Engine_Final_Spec_KZ_2026-08-21,§11.3 Reviewer confirmation и состояния
M04,PROCESSING,STATE,Text/OCR/reconciliation,,Text/OCR/reconciliation,Page/row progress,,,03_CASA_Pro_Pension_Contribution_Engine_Final_Spec_KZ_2026-08-21,§11.3 Reviewer confirmation и состояния
M04,VALID,STATE,Технические и автоматические checks pass,Технические и автоматические checks pass,Технические и автоматические checks pass,Review summary,,,03_CASA_Pro_Pension_Contribution_Engine_Final_Spec_KZ_2026-08-21,§11.3 Reviewer confirmation и состояния
M04,NEEDS_REVIEW,STATE,Critical unknown/mismatch/authenticity/coverage task,,Critical unknown/mismatch/authenticity/coverage task,Open task,,,03_CASA_Pro_Pension_Contribution_Engine_Final_Spec_KZ_2026-08-21,§11.3 Reviewer confirmation и состояния
M04,SUBJECT_MISMATCH,STATE,Другой ИИН,Другой ИИН,Другой ИИН,Replace PDF; snapshot blocked,,,03_CASA_Pro_Pension_Contribution_Engine_Final_Spec_KZ_2026-08-21,§11.3 Reviewer confirmation и состояния
M04,INCOMPLETE,STATE,Page missing/sequence invalid,,Page missing/sequence invalid,Upload complete document,,,03_CASA_Pro_Pension_Contribution_Engine_Final_Spec_KZ_2026-08-21,§11.3 Reviewer confirmation и состояния
M04,UNSUPPORTED_TEMPLATE,STATE,Нет approved template,Нет approved template,Нет approved template,SAMPLE_REQUIRED,,,03_CASA_Pro_Pension_Contribution_Engine_Final_Spec_KZ_2026-08-21,§11.3 Reviewer confirmation и состояния
M04,CONFIRMED,STATE,Reviewer closed blocking tasks,,Reviewer closed blocking tasks,Publish snapshot,,,03_CASA_Pro_Pension_Contribution_Engine_Final_Spec_KZ_2026-08-21,§11.3 Reviewer confirmation и состояния
M04,STALE,STATE,age_days > configured TTL,,age_days > configured TTL,Upload newer document,,,03_CASA_Pro_Pension_Contribution_Engine_Final_Spec_KZ_2026-08-21,§11.3 Reviewer confirmation и состояния
M04,FAILED,STATE,Corrupt/unsafe/unreadable/failed authenticity,,Corrupt/unsafe/unreadable/failed authenticity,Code + safe retry,,,03_CASA_Pro_Pension_Contribution_Engine_Final_Spec_KZ_2026-08-21,§11.3 Reviewer confirmation и состояния
M04,SUPERSEDED,STATE,Есть новая document version,Есть новая document version,Есть новая document version,Read-only history,,,03_CASA_Pro_Pension_Contribution_Engine_Final_Spec_KZ_2026-08-21,§11.3 Reviewer confirmation и состояния
M04,POST,ERROR,/api/v2/cases/{caseId}/pension-documents,,/api/v2/cases/{caseId}/pension-documents,Upload metadata + signed upload intent,,,03_CASA_Pro_Pension_Contribution_Engine_Final_Spec_KZ_2026-08-21,"§13 API, gates и ошибки"
M04,GET,ERROR,/api/v2/pension-documents/{id}/review,,/api/v2/pension-documents/{id}/review,Header/rows/months/senders/tasks/evidence refs,,,03_CASA_Pro_Pension_Contribution_Engine_Final_Spec_KZ_2026-08-21,"§13 API, gates и ошибки"
M04,PATCH,ERROR,/api/v2/pension-records/{id},,/api/v2/pension-records/{id},Reviewed correction with If-Match + reason,,,03_CASA_Pro_Pension_Contribution_Engine_Final_Spec_KZ_2026-08-21,"§13 API, gates и ошибки"
M04,INVALID_FILE / CORRUPT_PDF,ERROR,422,,422,No,Replace file,,03_CASA_Pro_Pension_Contribution_Engine_Final_Spec_KZ_2026-08-21,"§13 API, gates и ошибки"
M04,MALWARE_DETECTED,ERROR,422,,422,No,Quarantine; security workflow,,03_CASA_Pro_Pension_Contribution_Engine_Final_Spec_KZ_2026-08-21,"§13 API, gates и ошибки"
M04,PDF_PASSWORD_REQUIRED,ERROR,422,,422,No,Upload unlocked official copy,,03_CASA_Pro_Pension_Contribution_Engine_Final_Spec_KZ_2026-08-21,"§13 API, gates и ошибки"
M04,SUBJECT_MISMATCH,ERROR,409,,409,No,Replace PDF; minimal PII incident log,,03_CASA_Pro_Pension_Contribution_Engine_Final_Spec_KZ_2026-08-21,"§13 API, gates и ошибки"
M04,INCOMPLETE_DOCUMENT,ERROR,422,,422,No,Upload all pages,,03_CASA_Pro_Pension_Contribution_Engine_Final_Spec_KZ_2026-08-21,"§13 API, gates и ошибки"
M04,UNSUPPORTED_TEMPLATE,ERROR,422,,422,No,SAMPLE_REQUIRED,,03_CASA_Pro_Pension_Contribution_Engine_Final_Spec_KZ_2026-08-21,"§13 API, gates и ошибки"
M04,EXACT_DUPLICATE,ERROR,200,,200,Existing only,Return existing version,,03_CASA_Pro_Pension_Contribution_Engine_Final_Spec_KZ_2026-08-21,"§13 API, gates и ошибки"
M04,SEMANTIC_DUPLICATE_REVIEW,ERROR,200,,200,No new publish,Resolve relationship,,03_CASA_Pro_Pension_Contribution_Engine_Final_Spec_KZ_2026-08-21,"§13 API, gates и ошибки"
M04,CRITICAL_FIELD_UNREADABLE,ERROR,200,,200,No,Manual correction/evidence,,03_CASA_Pro_Pension_Contribution_Engine_Final_Spec_KZ_2026-08-21,"§13 API, gates и ошибки"
M04,UNKNOWN_KNP / UNKNOWN_STATUS,ERROR,200,,200,Policy,MANUAL_REVIEW; no OPV default,,03_CASA_Pro_Pension_Contribution_Engine_Final_Spec_KZ_2026-08-21,"§13 API, gates и ошибки"
M04,RECONCILIATION_FAILED,ERROR,200,,200,No,Show PCR check IDs,,03_CASA_Pro_Pension_Contribution_Engine_Final_Spec_KZ_2026-08-21,"§13 API, gates и ошибки"
M04,AUTHENTICITY_UNVERIFIED,ERROR,200,,200,Policy,Manual verification/explicit waiver,,03_CASA_Pro_Pension_Contribution_Engine_Final_Spec_KZ_2026-08-21,"§13 API, gates и ошибки"
M04,AUTHENTICITY_FAILED,ERROR,409,,409,No,Replace/verify incident,,03_CASA_Pro_Pension_Contribution_Engine_Final_Spec_KZ_2026-08-21,"§13 API, gates и ошибки"
M04,REPORT_STALE,ERROR,200,,200,Policy,Newer PDF; show age_days,,03_CASA_Pro_Pension_Contribution_Engine_Final_Spec_KZ_2026-08-21,"§13 API, gates и ошибки"
M04,SNAPSHOT_GATE_FAILED,ERROR,409,,409,No,Return unresolved gate codes,,03_CASA_Pro_Pension_Contribution_Engine_Final_Spec_KZ_2026-08-21,"§13 API, gates и ошибки"
M04,REVIEW_CONFLICT,ERROR,409,,409,No,Reload current revision,,03_CASA_Pro_Pension_Contribution_Engine_Final_Spec_KZ_2026-08-21,"§13 API, gates и ошибки"
M04,0 / EXPLICIT_ZERO,QUALITY,Источник явно печатает 0.,«0 ₸ в источнике»; row не positive; month UNKNOWN/review.,Источник явно печатает 0.,«0 ₸ в источнике»; row не positive; month UNKNOWN/review.,,,M04_CASA_Pro_Pension_Implementation_and_Acceptance_v1.0,§13 UNKNOWN и качество данных
M04,UNKNOWN,QUALITY,Presence/meaning нельзя установить.,«Не удалось определить»; не участвует как 0.,Presence/meaning нельзя установить.,«Не удалось определить»; не участвует как 0.,,,M04_CASA_Pro_Pension_Implementation_and_Acceptance_v1.0,§13 UNKNOWN и качество данных
M04,BLANK,QUALITY,Ячейка пустая; normalized=null.,«Поле пустое в документе»; critical → blocking review.,Ячейка пустая; normalized=null.,«Поле пустое в документе»; critical → blocking review.,,,M04_CASA_Pro_Pension_Implementation_and_Acceptance_v1.0,§13 UNKNOWN и качество данных
M04,UNREADABLE,QUALITY,"Зона есть, но не распознана.",«Значение не читается»; открыть crop / исправить.,"Зона есть, но не распознана.",«Значение не читается»; открыть crop / исправить.,,,M04_CASA_Pro_Pension_Implementation_and_Acceptance_v1.0,§13 UNKNOWN и качество данных
M04,NOT_APPLICABLE,QUALITY,Поле неприменимо по semantics.,«Не применяется»; не 0 и не ошибка.,Поле неприменимо по semantics.,«Не применяется»; не 0 и не ошибка.,,,M04_CASA_Pro_Pension_Implementation_and_Acceptance_v1.0,§13 UNKNOWN и качество данных
M04,NOT_IN_TEMPLATE,QUALITY,Поддержанный template не содержит поле.,«В этом типе документа поле не предусмотрено».,Поддержанный template не содержит поле.,«В этом типе документа поле не предусмотрено».,,,M04_CASA_Pro_Pension_Implementation_and_Acceptance_v1.0,§13 UNKNOWN и качество данных
M04,NO_ROW_OBSERVED,QUALITY,В наблюдаемой выборке нет строки месяца.,Не «0 ₸» и не NO_CONTRIBUTION без COVERED.,В наблюдаемой выборке нет строки месяца.,Не «0 ₸» и не NO_CONTRIBUTION без COVERED.,,,M04_CASA_Pro_Pension_Implementation_and_Acceptance_v1.0,§13 UNKNOWN и качество данных
M04,MANUAL_REVIEW_REQUIRED,STATE,«Нужно проверить данные вручную».,"Да, если task critical.",«Нужно проверить данные вручную».,Открыть конкретную задачу и evidence.,"Да, если task critical.",,M04_CASA_Pro_Pension_Implementation_and_Acceptance_v1.0,§16 Внутренние коды → язык брокера
M04,RATE_CONTEXT_REQUIRED / UNKNOWN_RATE_CONTEXT,STATE,"«Недостаточно данных, чтобы рассчитать базу по пенсионным отчислениям».",Только dependent estimate; факты — по policy.,"«Недостаточно данных, чтобы рассчитать базу по пенсионным отчислениям».",Проверить category/regime или оставить UNKNOWN.,Только dependent estimate; факты — по policy.,,M04_CASA_Pro_Pension_Implementation_and_Acceptance_v1.0,§16 Внутренние коды → язык брокера
M04,SAMPLE_REQUIRED,STATE,«Этот вариант документа пока не поддерживается».,Да для template/mapping.,«Этот вариант документа пока не поддерживается».,Approved обезличенный sample flow.,Да для template/mapping.,,M04_CASA_Pro_Pension_Implementation_and_Acceptance_v1.0,§16 Внутренние коды → язык брокера
M04,CONTRACT_REQUIRED,STATE,«Автоматическая проверка подлинности пока недоступна».,По authenticity policy.,«Автоматическая проверка подлинности пока недоступна».,Approved manual verification/waiver.,По authenticity policy.,,M04_CASA_Pro_Pension_Implementation_and_Acceptance_v1.0,§16 Внутренние коды → язык брокера
M04,LEGAL_REVIEW_REQUIRED,STATE,«Способ автоматической проверки ещё не утверждён».,По gate/policy.,«Способ автоматической проверки ещё не утверждён».,Не запускать integration; manual process.,По gate/policy.,,M04_CASA_Pro_Pension_Implementation_and_Acceptance_v1.0,§16 Внутренние коды → язык брокера
M04,NO_CONTRIBUTION,STATE,«За месяц взнос не найден в подтверждённом полном покрытии».,"Нет, только если COVERED и no unknowns.",«За месяц взнос не найден в подтверждённом полном покрытии».,Показать coverage evidence.,"Нет, только если COVERED и no unknowns.",,M04_CASA_Pro_Pension_Implementation_and_Acceptance_v1.0,§16 Внутренние коды → язык брокера
M04,RECONCILIATION_FAILED,STATE,«Итоги или строки не сошлись».,Да.,«Итоги или строки не сошлись».,Показать понятную проверку + evidence.,Да.,,M04_CASA_Pro_Pension_Implementation_and_Acceptance_v1.0,§16 Внутренние коды → язык брокера
M04,AUTHENTICITY_UNVERIFIED,STATE,«Подлинность документа не подтверждена».,По policy; не писать «Подтверждено».,«Подлинность документа не подтверждена».,Manual reference/waiver.,По policy; не писать «Подтверждено».,,M04_CASA_Pro_Pension_Implementation_and_Acceptance_v1.0,§16 Внутренние коды → язык брокера
M04,UNKNOWN_KNP / UNKNOWN_STATUS,STATE,«Не удалось определить тип/статус строки».,Да для profile/base; policy для facts.,«Не удалось определить тип/статус строки».,Проверить код/статус; не считать positive.,Да для profile/base; policy для facts.,,M04_CASA_Pro_Pension_Implementation_and_Acceptance_v1.0,§16 Внутренние коды → язык брокера
M04,CRITICAL_FIELD_UNREADABLE,STATE,«Критичное значение не читается».,Да.,«Критичное значение не читается».,Открыть crop и исправить/заменить PDF.,Да.,,M04_CASA_Pro_Pension_Implementation_and_Acceptance_v1.0,§16 Внутренние коды → язык брокера
M04,Техническая целостность,QUALITY,Можно ли безопасно открыть и обработать файл?,Можно ли безопасно открыть и обработать файл?,Можно ли безопасно открыть и обработать файл?,VALID.,,,M04_CASA_Pro_Pension_Implementation_and_Acceptance_v1.0,§17 Подлинность / полнота / сверка
M04,Полнота,QUALITY,Все ли страницы X/N присутствуют и упорядочены?,Все ли страницы X/N присутствуют и упорядочены?,Все ли страницы X/N присутствуют и упорядочены?,"2/2, sequence 1/2→2/2.",,,M04_CASA_Pro_Pension_Implementation_and_Acceptance_v1.0,§17 Подлинность / полнота / сверка
M04,Субъект,QUALITY,ИИН/FIO совпадает с participant?,MATCH; PII в документации маскирована.,ИИН/FIO совпадает с participant?,MATCH; PII в документации маскирована.,,,M04_CASA_Pro_Pension_Implementation_and_Acceptance_v1.0,§17 Подлинность / полнота / сверка
M04,Шаблон,QUALITY,Поддержан ли exact issuer/type/template version?,Поддержан ли exact issuer/type/template version?,Поддержан ли exact issuer/type/template version?,GOVCORP_ENPF_MOVEMENT_RU_KK_2026.,,,M04_CASA_Pro_Pension_Implementation_and_Acceptance_v1.0,§17 Подлинность / полнота / сверка
M04,Подлинность,QUALITY,Есть ли проверенная signature/barcode/official reference?,BARCODE_PRESENT_UNVERIFIED; не VERIFIED.,Есть ли проверенная signature/barcode/official reference?,BARCODE_PRESENT_UNVERIFIED; не VERIFIED.,,,M04_CASA_Pro_Pension_Implementation_and_Acceptance_v1.0,§17 Подлинность / полнота / сверка
M04,Качество извлечения,QUALITY,Извлечены ли критичные поля и evidence?,PASS_WITH_REVIEW после calibration.,Извлечены ли критичные поля и evidence?,PASS_WITH_REVIEW после calibration.,,,M04_CASA_Pro_Pension_Implementation_and_Acceptance_v1.0,§17 Подлинность / полнота / сверка
M04,Сверка,QUALITY,Сходятся ли pages/rows/amounts/months/senders/statuses?,Сходятся ли pages/rows/amounts/months/senders/statuses?,Сходятся ли pages/rows/amounts/months/senders/statuses?,PCR-001…PCR-015.,,,M04_CASA_Pro_Pension_Implementation_and_Acceptance_v1.0,§17 Подлинность / полнота / сверка
M04,Ручная проверка,QUALITY,Закрыты ли blocking tasks человеком?,COMPLETED перед publish.,Закрыты ли blocking tasks человеком?,COMPLETED перед publish.,,,M04_CASA_Pro_Pension_Implementation_and_Acceptance_v1.0,§17 Подлинность / полнота / сверка
M04,Свежесть,QUALITY,Возраст документа по versioned process TTL?,age_days хранится; policy RG-07 открыта.,Возраст документа по versioned process TTL?,age_days хранится; policy RG-07 открыта.,,,M04_CASA_Pro_Pension_Implementation_and_Acceptance_v1.0,§17 Подлинность / полнота / сверка
M05,UNKNOWN,STATE,значение неизвестно; не заменяется нулём/нет,значение неизвестно; не заменяется нулём/нет,значение неизвестно; не заменяется нулём/нет,,,,04_CASA_Pro_Client_Profile_Final_Spec_KZ_2026-08-21,"§11 Состояние поля, подтверждение и конфликты"
M05,DECLARED,STATE,"заявлено клиентом/риелтором, без evidence","заявлено клиентом/риелтором, без evidence","заявлено клиентом/риелтором, без evidence",,,,04_CASA_Pro_Client_Profile_Final_Spec_KZ_2026-08-21,"§11 Состояние поля, подтверждение и конфликты"
M05,SOURCE_FACT,STATE,пришло из published upstream snapshot,пришло из published upstream snapshot,пришло из published upstream snapshot,,,,04_CASA_Pro_Client_Profile_Final_Spec_KZ_2026-08-21,"§11 Состояние поля, подтверждение и конфликты"
M05,EVIDENCE_REQUESTED,STATE,нужно подтверждение,нужно подтверждение,нужно подтверждение,,,,04_CASA_Pro_Client_Profile_Final_Spec_KZ_2026-08-21,"§11 Состояние поля, подтверждение и конфликты"
M05,VERIFIED,STATE,подтверждено allowed evidence/reviewer,подтверждено allowed evidence/reviewer,подтверждено allowed evidence/reviewer,,,,04_CASA_Pro_Client_Profile_Final_Spec_KZ_2026-08-21,"§11 Состояние поля, подтверждение и конфликты"
M05,CONFLICT,STATE,два значимых источника расходятся,два значимых источника расходятся,два значимых источника расходятся,,,,04_CASA_Pro_Client_Profile_Final_Spec_KZ_2026-08-21,"§11 Состояние поля, подтверждение и конфликты"
M05,STALE,STATE,evidence/source устарел по process policy,evidence/source устарел по process policy,evidence/source устарел по process policy,,,,04_CASA_Pro_Client_Profile_Final_Spec_KZ_2026-08-21,"§11 Состояние поля, подтверждение и конфликты"
M05,NOT_APPLICABLE,STATE,поле не применимо,поле не применимо,поле не применимо,,,,04_CASA_Pro_Client_Profile_Final_Spec_KZ_2026-08-21,"§11 Состояние поля, подтверждение и конфликты"
M05,CORRECTED,STATE,создана новая reviewed revision; raw/source не уничтожен,создана новая reviewed revision; raw/source не уничтожен,создана новая reviewed revision; raw/source не уничтожен,,,,04_CASA_Pro_Client_Profile_Final_Spec_KZ_2026-08-21,"§11 Состояние поля, подтверждение и конфликты"
M05,Пенсионный sender ≠ заявленный работодатель,STATE,не менять автоматически; показать два факта + даты; запросить relationship confirmation/evidence,не менять автоматически; показать два факта + даты; запросить relationship confirmation/evidence,не менять автоматически; показать два факта + даты; запросить relationship confirmation/evidence,,,,04_CASA_Pro_Client_Profile_Final_Spec_KZ_2026-08-21,"§11 Состояние поля, подтверждение и конфликты"
M05,Заявленный взнос 5 млн ≠ сумма sources 3 млн,STATE,"goal reconciliation = FAIL/UNRECONCILED; показать недостающие 2 млн как gap, не как ноль","goal reconciliation = FAIL/UNRECONCILED; показать недостающие 2 млн как gap, не как ноль","goal reconciliation = FAIL/UNRECONCILED; показать недостающие 2 млн как gap, не как ноль",,,,04_CASA_Pro_Client_Profile_Final_Spec_KZ_2026-08-21,"§11 Состояние поля, подтверждение и конфликты"
M05,Риелтор исправляет сумму verified document,STATE,создать correction revision + actor/reason; не перезаписывать source value,создать correction revision + actor/reason; не перезаписывать source value,создать correction revision + actor/reason; не перезаписывать source value,,,,04_CASA_Pro_Client_Profile_Final_Spec_KZ_2026-08-21,"§11 Состояние поля, подтверждение и конфликты"
M05,КИ обновилась после подтверждения анкеты,STATE,client_profile_snapshot становится superseded/needs_rebuild; новая версия собирает новый credit_history_snapshot,client_profile_snapshot становится superseded/needs_rebuild; новая версия собирает новый credit_history_snapshot,client_profile_snapshot становится superseded/needs_rebuild; новая версия собирает новый credit_history_snapshot,,,,04_CASA_Pro_Client_Profile_Final_Spec_KZ_2026-08-21,"§11 Состояние поля, подтверждение и конфликты"
M05,SOURCE_FACT,STATE,Получено автоматически,Quality/freshness upstream сохраняются.,Получено автоматически,Факт из selected/published upstream contract.,Посмотреть источник; correction отдельно.,Quality/freshness upstream сохраняются.,M05_CASA_Pro_Client_Profile_Implementation_and_Acceptance_v1.1,§17 Field statuses / UNKNOWN
M05,DECLARED,STATE,Со слов клиента,Не VERIFIED и не bank accepted.,Со слов клиента,Заявлено без required evidence.,Сохранить / запросить evidence по policy.,Не VERIFIED и не bank accepted.,M05_CASA_Pro_Client_Profile_Implementation_and_Acceptance_v1.1,§17 Field statuses / UNKNOWN
M05,EVIDENCE_REQUESTED,STATE,Нужно подтверждение,Section NEEDS_EVIDENCE; publish по gate.,Нужно подтверждение,Policy требует evidence.,Добавить разрешённое доказательство.,Section NEEDS_EVIDENCE; publish по gate.,M05_CASA_Pro_Client_Profile_Implementation_and_Acceptance_v1.1,§17 Field statuses / UNKNOWN
M05,VERIFIED,STATE,Подтверждено документом,Не bank accepted.,Подтверждено документом,Allowed evidence/reviewer подтвердили fact.,Посмотреть evidence; correct только revision.,Не bank accepted.,M05_CASA_Pro_Client_Profile_Implementation_and_Acceptance_v1.1,§17 Field statuses / UNKNOWN
M05,CONFLICT,STATE,Есть расхождение,Blocking только по explicit policy.,Есть расхождение,Два значимых источника расходятся.,Сравнить источники / review.,Blocking только по explicit policy.,M05_CASA_Pro_Client_Profile_Implementation_and_Acceptance_v1.1,§17 Field statuses / UNKNOWN
M05,STALE,STATE,Данные устарели,Profile may need rebuild; не current fact.,Данные устарели,Freshness policy пометила input.,Обновить upstream/evidence.,Profile may need rebuild; не current fact.,M05_CASA_Pro_Client_Profile_Implementation_and_Acceptance_v1.1,§17 Field statuses / UNKNOWN
M05,UNKNOWN,STATE,Неизвестно,Не 0/false/blank; publish по gate.,Неизвестно,Значение неизвестно; reason хранится.,Продолжить остальные секции.,Не 0/false/blank; publish по gate.,M05_CASA_Pro_Client_Profile_Implementation_and_Acceptance_v1.1,§17 Field statuses / UNKNOWN
M05,NOT_APPLICABLE,STATE,Не применимо,Не missing и не 0.,Не применимо,Вопрос неприменим для текущего branch.,Нет действия.,Не missing и не 0.,M05_CASA_Pro_Client_Profile_Implementation_and_Acceptance_v1.1,§17 Field statuses / UNKNOWN
M05,CORRECTED,STATE,Исправлено после проверки,Source/raw сохранены; новая версия.,Исправлено после проверки,Новая reviewed revision.,Открыть историю и evidence.,Source/raw сохранены; новая версия.,M05_CASA_Pro_Client_Profile_Implementation_and_Acceptance_v1.1,§17 Field statuses / UNKNOWN
M06,MISSING,STATE,Нет,«Не хватает обязательного входа: {label}».,Нет,BLOCKED,«Не хватает обязательного входа: {label}».,,M06_CASA_Pro_Calculation_Engine_Production_Spec_v1.4,§16 UNKNOWN / zero / blank / NA
M06,BLANK,STATE,Нет,«Поле не заполнено». Blank не 0.,Нет,BLOCKED,«Поле не заполнено». Blank не 0.,,M06_CASA_Pro_Calculation_Engine_Production_Spec_v1.4,§16 UNKNOWN / zero / blank / NA
M06,UNKNOWN,STATE,Нет,«Значение неизвестно».,Нет,BLOCKED,«Значение неизвестно».,,M06_CASA_Pro_Calculation_Engine_Production_Spec_v1.4,§16 UNKNOWN / zero / blank / NA
M06,0,STATE,"Да, если domain допускает",Явный ноль сохраняется как число.,"Да, если domain допускает",COMPLETED / limitation inherited,Явный ноль сохраняется как число.,,M06_CASA_Pro_Calculation_Engine_Production_Spec_v1.4,§16 UNKNOWN / zero / blank / NA
M06,NOT_APPLICABLE,STATE,Нет,«Расчёт не применяется к текущему случаю».,Нет,NOT_APPLICABLE,«Расчёт не применяется к текущему случаю».,,M06_CASA_Pro_Calculation_Engine_Production_Spec_v1.4,§16 UNKNOWN / zero / blank / NA
M06,STALE,STATE,Нет,«Входные данные устарели; обновите источник».,Нет,BLOCKED,«Входные данные устарели; обновите источник».,,M06_CASA_Pro_Calculation_Engine_Production_Spec_v1.4,§16 UNKNOWN / zero / blank / NA
M06,CONFLICT,STATE,Нет,«Есть расхождение между источниками».,Нет,BLOCKED,«Есть расхождение между источниками».,,M06_CASA_Pro_Calculation_Engine_Production_Spec_v1.4,§16 UNKNOWN / zero / blank / NA
M06,BLOCKED upstream,BLOCKER,Нет,Причина и blocking_input_refs наследуются.,Нет,BLOCKED,Причина и blocking_input_refs наследуются.,,M06_CASA_Pro_Calculation_Engine_Production_Spec_v1.4,§16 UNKNOWN / zero / blank / NA
M06,DECLARED value,STATE,Да,«Расчёт по данным со слов клиента».,Да,COMPLETED_WITH_LIMITATIONS,«Расчёт по данным со слов клиента».,,M06_CASA_Pro_Calculation_Engine_Production_Spec_v1.4,§16 UNKNOWN / zero / blank / NA
M06,EVIDENCE_REQUESTED value,STATE,Да,«Нужно подтверждение входного значения».,Да,COMPLETED_WITH_LIMITATIONS,«Нужно подтверждение входного значения».,,M06_CASA_Pro_Calculation_Engine_Production_Spec_v1.4,§16 UNKNOWN / zero / blank / NA
M06,VERIFIED/CONFIRMED,STATE,Да,«Рассчитано по подтверждённым входам».,Да,COMPLETED,«Рассчитано по подтверждённым входам».,,M06_CASA_Pro_Calculation_Engine_Production_Spec_v1.4,§16 UNKNOWN / zero / blank / NA
M06,MISSING_INPUT,ERROR,Required field absent,Не хватает данных для расчёта.,Required field absent,value=null; BLOCKED; refs,Не хватает данных для расчёта.,,M06_CASA_Pro_Calculation_Engine_Production_Spec_v1.4,§19 Errors
M06,UNKNOWN_INPUT,ERROR,UNKNOWN/BLANK,Значение неизвестно или не заполнено.,UNKNOWN/BLANK,value=null; BLOCKED,Значение неизвестно или не заполнено.,,M06_CASA_Pro_Calculation_Engine_Production_Spec_v1.4,§19 Errors
M06,STALE_INPUT,ERROR,Required source stale,Обновите устаревшие данные.,Required source stale,value=null; BLOCKED,Обновите устаревшие данные.,,M06_CASA_Pro_Calculation_Engine_Production_Spec_v1.4,§19 Errors
M06,CONFLICTING_INPUT,ERROR,Required source conflict,Сначала устраните расхождение.,Required source conflict,value=null; BLOCKED,Сначала устраните расхождение.,,M06_CASA_Pro_Calculation_Engine_Production_Spec_v1.4,§19 Errors
M06,CURRENCY_MISMATCH,ERROR,Currencies differ,Нет утверждённого пересчёта валют.,Currencies differ,value=null; BLOCKED,Нет утверждённого пересчёта валют.,,M06_CASA_Pro_Calculation_Engine_Production_Spec_v1.4,§19 Errors
M06,NEGATIVE_AMOUNT,ERROR,Money <0,Сумма не может быть отрицательной.,Money <0,value=null; INVALID_INPUT,Сумма не может быть отрицательной.,,M06_CASA_Pro_Calculation_Engine_Production_Spec_v1.4,§19 Errors
M06,INVALID_TERM,ERROR,n≤0 or n>1200,Проверьте срок в месяцах.,n≤0 or n>1200,value=null; INVALID_INPUT,Проверьте срок в месяцах.,,M06_CASA_Pro_Calculation_Engine_Production_Spec_v1.4,§19 Errors
M06,INVALID_RATE,ERROR,a<0 or a>100,Проверьте годовую ставку-параметр.,a<0 or a>100,value=null; INVALID_INPUT,Проверьте годовую ставку-параметр.,,M06_CASA_Pro_Calculation_Engine_Production_Spec_v1.4,§19 Errors
M06,UNSUPPORTED_FREQUENCY,ERROR,not MONTHLY,Поддерживается только ежемесячный платёж.,not MONTHLY,value=null; INVALID_INPUT,Поддерживается только ежемесячный платёж.,,M06_CASA_Pro_Calculation_Engine_Production_Spec_v1.4,§19 Errors
M06,REGULATORY_INPUT_REQUIRED,ERROR,KDN requested,КДН не рассчитан: нужны нормативные входы/правила банка.,KDN requested,value=null; DISABLED,КДН не рассчитан: нужны нормативные входы/правила банка.,,M06_CASA_Pro_Calculation_Engine_Production_Spec_v1.4,§19 Errors
M06,ENGINE_ERROR,ERROR,Unexpected deterministic failure,Результат не рассчитан. Повторите или обратитесь в поддержку.,Unexpected deterministic failure,value=null; FAILED; trace_id no PII,Результат не рассчитан. Повторите или обратитесь в поддержку.,,M06_CASA_Pro_Calculation_Engine_Production_Spec_v1.4,§19 Errors
M06,MISSING,STATE,No,Не хватает обязательного входа. Открыть профиль и заполнить поле.,No,BLOCKED,MISSING_INPUT,Не хватает обязательного входа. Открыть профиль и заполнить поле.,M06_CASA_Pro_Calculation_Engine_Implementation_and_Acceptance_v1.1,§11 State engine
M06,BLANK,STATE,No,Поле не заполнено. Blank не заменяется нулём.,No,BLOCKED,UNKNOWN_INPUT,Поле не заполнено. Blank не заменяется нулём.,M06_CASA_Pro_Calculation_Engine_Implementation_and_Acceptance_v1.1,§11 State engine
M06,UNKNOWN,STATE,No,Значение неизвестно. Уточнить исходные данные.,No,BLOCKED,UNKNOWN_INPUT,Значение неизвестно. Уточнить исходные данные.,M06_CASA_Pro_Calculation_Engine_Implementation_and_Acceptance_v1.1,§11 State engine
M06,STALE,STATE,No,Входные данные устарели. Обновить upstream/profile.,No,BLOCKED,STALE_INPUT,Входные данные устарели. Обновить upstream/profile.,M06_CASA_Pro_Calculation_Engine_Implementation_and_Acceptance_v1.1,§11 State engine
M06,CONFLICT,STATE,No,Есть расхождение. Сначала завершить review.,No,BLOCKED,CONFLICTING_INPUT,Есть расхождение. Сначала завершить review.,M06_CASA_Pro_Calculation_Engine_Implementation_and_Acceptance_v1.1,§11 State engine
M06,BLOCKED upstream,BLOCKER,No,Показать наследованную причину и source link.,No,BLOCKED,source code,Показать наследованную причину и source link.,M06_CASA_Pro_Calculation_Engine_Implementation_and_Acceptance_v1.1,§11 State engine
M06,NOT_APPLICABLE,STATE,No,Расчёт не применяется к текущему случаю.,No,NOT_APPLICABLE,—,Расчёт не применяется к текущему случаю.,M06_CASA_Pro_Calculation_Engine_Implementation_and_Acceptance_v1.1,§11 State engine
M06,0,STATE,Yes if domain valid,Явный ноль сохраняется как число.,Yes if domain valid,COMPLETED or inherited limitation,—,Явный ноль сохраняется как число.,M06_CASA_Pro_Calculation_Engine_Implementation_and_Acceptance_v1.1,§11 State engine
M06,DECLARED,STATE,Yes,Расчёт по данным со слов клиента.,Yes,COMPLETED_WITH_LIMITATIONS,—,Расчёт по данным со слов клиента.,M06_CASA_Pro_Calculation_Engine_Implementation_and_Acceptance_v1.1,§11 State engine
M06,EVIDENCE_REQUESTED,STATE,Yes,Нужно подтверждение исходных данных.,Yes,COMPLETED_WITH_LIMITATIONS,—,Нужно подтверждение исходных данных.,M06_CASA_Pro_Calculation_Engine_Implementation_and_Acceptance_v1.1,§11 State engine
M06,VERIFIED/CONFIRMED,STATE,Yes,Рассчитано по подтверждённым входам.,Yes,COMPLETED,—,Рассчитано по подтверждённым входам.,M06_CASA_Pro_Calculation_Engine_Implementation_and_Acceptance_v1.1,§11 State engine
M06,MISSING_INPUT,ERROR,BLOCKED,Заполнить профиль,BLOCKED,Run created; value=null,Не хватает данных для расчёта.,Заполнить профиль,M06_CASA_Pro_Calculation_Engine_Implementation_and_Acceptance_v1.1,§14 Errors and human messages
M06,UNKNOWN_INPUT,ERROR,BLOCKED,Уточнить данные,BLOCKED,Run created; value=null,Значение неизвестно или не заполнено.,Уточнить данные,M06_CASA_Pro_Calculation_Engine_Implementation_and_Acceptance_v1.1,§14 Errors and human messages
M06,STALE_INPUT,ERROR,BLOCKED,Обновить upstream/profile,BLOCKED,Run created; value=null,Входные данные устарели.,Обновить upstream/profile,M06_CASA_Pro_Calculation_Engine_Implementation_and_Acceptance_v1.1,§14 Errors and human messages
M06,CONFLICTING_INPUT,ERROR,BLOCKED,Открыть review,BLOCKED,Run created; value=null,Сначала устраните расхождение.,Открыть review,M06_CASA_Pro_Calculation_Engine_Implementation_and_Acceptance_v1.1,§14 Errors and human messages
M06,CURRENCY_MISMATCH,ERROR,BLOCKED,Использовать совместимые KZT inputs,BLOCKED,Run created; value=null,Нет утверждённого пересчёта валют.,Использовать совместимые KZT inputs,M06_CASA_Pro_Calculation_Engine_Implementation_and_Acceptance_v1.1,§14 Errors and human messages
M06,NEGATIVE_AMOUNT,ERROR,INVALID_INPUT,Исправить input,INVALID_INPUT,Run created; value=null,Сумма не может быть отрицательной.,Исправить input,M06_CASA_Pro_Calculation_Engine_Implementation_and_Acceptance_v1.1,§14 Errors and human messages
M06,INVALID_TERM,ERROR,INVALID_INPUT,Введите 1…1200,INVALID_INPUT,Run created; value=null,Проверьте срок в месяцах.,Введите 1…1200,M06_CASA_Pro_Calculation_Engine_Implementation_and_Acceptance_v1.1,§14 Errors and human messages
M06,INVALID_RATE,ERROR,INVALID_INPUT,Введите 0…100,INVALID_INPUT,Run created; value=null,Проверьте годовую ставку.,Введите 0…100,M06_CASA_Pro_Calculation_Engine_Implementation_and_Acceptance_v1.1,§14 Errors and human messages
M06,UNSUPPORTED_FREQUENCY,ERROR,INVALID_INPUT,Поддерживается только ежемесячный платёж.,INVALID_INPUT,Run created; value=null,Поддерживается только ежемесячный платёж.,MONTHLY,M06_CASA_Pro_Calculation_Engine_Implementation_and_Acceptance_v1.1,§14 Errors and human messages
M06,REGULATORY_INPUT_REQUIRED,ERROR,DISABLED,Нет CTA расчёта 1.0,DISABLED,Run created; value=null,КДН не рассчитан: нужны входы и правила банка.,Нет CTA расчёта 1.0,M06_CASA_Pro_Calculation_Engine_Implementation_and_Acceptance_v1.1,§14 Errors and human messages
M06,ENGINE_ERROR,ERROR,FAILED,Повторить / поддержка,FAILED,HTTP 500 if run cannot finish; trace_id no PII,Результат не рассчитан.,Повторить / поддержка,M06_CASA_Pro_Calculation_Engine_Implementation_and_Acceptance_v1.1,§14 Errors and human messages
M06,COMPLETED,STATE,Рассчитано по подтверждённым исходным данным,Рассчитано по подтверждённым исходным данным,Рассчитано по подтверждённым исходным данным,,,,M06_CASA_Pro_Calculation_Engine_Implementation_and_Acceptance_v1.1,Human states
M06,COMPLETED_WITH_LIMITATIONS / DECLARED,STATE,Расчёт по данным со слов клиента,Расчёт по данным со слов клиента,Расчёт по данным со слов клиента,,,,M06_CASA_Pro_Calculation_Engine_Implementation_and_Acceptance_v1.1,Human states
M06,EVIDENCE_REQUESTED,STATE,Нужно подтверждение исходных данных,Нужно подтверждение исходных данных,Нужно подтверждение исходных данных,,,,M06_CASA_Pro_Calculation_Engine_Implementation_and_Acceptance_v1.1,Human states
M06,BLOCKED,BLOCKER,Недостаточно данных для расчёта,Недостаточно данных для расчёта,Недостаточно данных для расчёта,,,,M06_CASA_Pro_Calculation_Engine_Implementation_and_Acceptance_v1.1,Human states
M06,STALE_INPUT,STATE,Входные данные устарели,Входные данные устарели,Входные данные устарели,,,,M06_CASA_Pro_Calculation_Engine_Implementation_and_Acceptance_v1.1,Human states
M06,CONFLICTING_INPUT,STATE,Есть расхождение в исходных данных,Есть расхождение в исходных данных,Есть расхождение в исходных данных,,,,M06_CASA_Pro_Calculation_Engine_Implementation_and_Acceptance_v1.1,Human states
M06,DISABLED KDN,STATE,КДН пока не рассчитан,КДН пока не рассчитан,КДН пока не рассчитан,,,,M06_CASA_Pro_Calculation_Engine_Implementation_and_Acceptance_v1.1,Human states
